--------------------------------------------------------
-- Archivo creado  - miércoles-julio-27-2022   
--------------------------------------------------------
--------------------------------------------------------
--  DDL for Sequence AUTO_CREDITOS
--------------------------------------------------------

   CREATE SEQUENCE  "TESTER2"."AUTO_CREDITOS"  MINVALUE 1 MAXVALUE 9999999999999999999999999999 INCREMENT BY 125 START WITH 6000 CACHE 20 NOORDER  NOCYCLE  NOKEEP  NOSCALE  GLOBAL ;
--------------------------------------------------------
--  DDL for Sequence AUTO_ID
--------------------------------------------------------

   CREATE SEQUENCE  "TESTER2"."AUTO_ID"  MINVALUE 1 MAXVALUE 9999999999999999999999999999 INCREMENT BY 1 START WITH 41 CACHE 20 NOORDER  NOCYCLE  NOKEEP  NOSCALE  GLOBAL ;
--------------------------------------------------------
--  DDL for Sequence ID_APORTES_AUTO
--------------------------------------------------------

   CREATE SEQUENCE  "TESTER2"."ID_APORTES_AUTO"  MINVALUE 1 MAXVALUE 9999999999999999999999999999 INCREMENT BY 5 START WITH 600 CACHE 20 NOORDER  NOCYCLE  NOKEEP  NOSCALE  GLOBAL ;
--------------------------------------------------------
--  DDL for Sequence ID_BOL_AUTO
--------------------------------------------------------

   CREATE SEQUENCE  "TESTER2"."ID_BOL_AUTO"  MINVALUE 1 MAXVALUE 9999999999999999999999999999 INCREMENT BY 5 START WITH 105 CACHE 20 NOORDER  NOCYCLE  NOKEEP  NOSCALE  GLOBAL ;
--------------------------------------------------------
--  DDL for Sequence ID_CUOT_AUTO
--------------------------------------------------------

   CREATE SEQUENCE  "TESTER2"."ID_CUOT_AUTO"  MINVALUE 1 MAXVALUE 9999999999999999999999999999 INCREMENT BY 1 START WITH 41 CACHE 20 NOORDER  NOCYCLE  NOKEEP  NOSCALE  GLOBAL ;
--------------------------------------------------------
--  DDL for Sequence ID_CUPONES
--------------------------------------------------------

   CREATE SEQUENCE  "TESTER2"."ID_CUPONES"  MINVALUE 1 MAXVALUE 9999999999999999999999999999 INCREMENT BY 1 START WITH 120 CACHE 20 NOORDER  NOCYCLE  NOKEEP  NOSCALE  GLOBAL ;
--------------------------------------------------------
--  DDL for Sequence ID_LISTA_APORTES
--------------------------------------------------------

   CREATE SEQUENCE  "TESTER2"."ID_LISTA_APORTES"  MINVALUE 1 MAXVALUE 9999999999999999999999999999 INCREMENT BY 10 START WITH 410 CACHE 20 NOORDER  NOCYCLE  NOKEEP  NOSCALE  GLOBAL ;
--------------------------------------------------------
--  DDL for Sequence ID_MULTA_AUTO
--------------------------------------------------------

   CREATE SEQUENCE  "TESTER2"."ID_MULTA_AUTO"  MINVALUE 1 MAXVALUE 9999999999999999999999999999 INCREMENT BY 3 START WITH 63 CACHE 20 NOORDER  NOCYCLE  NOKEEP  NOSCALE  GLOBAL ;
--------------------------------------------------------
--  DDL for Sequence ID_RESI
--------------------------------------------------------

   CREATE SEQUENCE  "TESTER2"."ID_RESI"  MINVALUE 1 MAXVALUE 9999999999999999999999999999 INCREMENT BY 10 START WITH 210 CACHE 20 NOORDER  NOCYCLE  NOKEEP  NOSCALE  GLOBAL ;
--------------------------------------------------------
--  DDL for Table APORTES
--------------------------------------------------------

  CREATE TABLE "TESTER2"."APORTES" 
   (	"ID_APORTE" NUMBER(10,0), 
	"NOMBRE" VARCHAR2(30 BYTE), 
	"DESCRIPCION" VARCHAR2(100 BYTE), 
	"TASA_INTERES" FLOAT(5), 
	"RESCATE_MAX" NUMBER(5,0)
   ) SEGMENT CREATION IMMEDIATE 
  PCTFREE 10 PCTUSED 40 INITRANS 1 MAXTRANS 255 
 NOCOMPRESS LOGGING
  STORAGE(INITIAL 65536 NEXT 1048576 MINEXTENTS 1 MAXEXTENTS 2147483645
  PCTINCREASE 0 FREELISTS 1 FREELIST GROUPS 1
  BUFFER_POOL DEFAULT FLASH_CACHE DEFAULT CELL_FLASH_CACHE DEFAULT)
  TABLESPACE "USERS" ;

   COMMENT ON COLUMN "TESTER2"."APORTES"."ID_APORTE" IS 'numero identificador del aporte';
   COMMENT ON COLUMN "TESTER2"."APORTES"."NOMBRE" IS 'nombre del aporte';
   COMMENT ON COLUMN "TESTER2"."APORTES"."DESCRIPCION" IS 'descripcion del aporte';
   COMMENT ON COLUMN "TESTER2"."APORTES"."TASA_INTERES" IS 'porcentaje de la tasa de interes';
   COMMENT ON COLUMN "TESTER2"."APORTES"."RESCATE_MAX" IS 'porcentaje del rescate maximo';
--------------------------------------------------------
--  DDL for Table APORTES_SOLICITADOS
--------------------------------------------------------

  CREATE TABLE "TESTER2"."APORTES_SOLICITADOS" 
   (	"ID_APORT_SOLI" NUMBER(*,0), 
	"MESES_TOMADOS" NUMBER(3,0), 
	"ID_SOCIO" NUMBER(10,0), 
	"ID_APORTE" NUMBER(10,0)
   ) SEGMENT CREATION IMMEDIATE 
  PCTFREE 10 PCTUSED 40 INITRANS 1 MAXTRANS 255 
 NOCOMPRESS LOGGING
  STORAGE(INITIAL 65536 NEXT 1048576 MINEXTENTS 1 MAXEXTENTS 2147483645
  PCTINCREASE 0 FREELISTS 1 FREELIST GROUPS 1
  BUFFER_POOL DEFAULT FLASH_CACHE DEFAULT CELL_FLASH_CACHE DEFAULT)
  TABLESPACE "USERS" ;

   COMMENT ON COLUMN "TESTER2"."APORTES_SOLICITADOS"."MESES_TOMADOS" IS 'cantidad de meses tomados';
   COMMENT ON COLUMN "TESTER2"."APORTES_SOLICITADOS"."ID_SOCIO" IS 'socio posee un numero identificador que es el id (key)';
   COMMENT ON COLUMN "TESTER2"."APORTES_SOLICITADOS"."ID_APORTE" IS 'numero identificador del aporte';
--------------------------------------------------------
--  DDL for Table BOLETAS
--------------------------------------------------------

  CREATE TABLE "TESTER2"."BOLETAS" 
   (	"ID_BOLETA" NUMBER(10,0), 
	"FECHA_PAGADA" DATE DEFAULT sysdate, 
	"MONTO_PAGADO" NUMBER(8,0), 
	"INTERES_PAGADO" NUMBER(8,0), 
	"FECHA_VENCIMIENTO" DATE
   ) SEGMENT CREATION IMMEDIATE 
  PCTFREE 10 PCTUSED 40 INITRANS 1 MAXTRANS 255 
 NOCOMPRESS LOGGING
  STORAGE(INITIAL 65536 NEXT 1048576 MINEXTENTS 1 MAXEXTENTS 2147483645
  PCTINCREASE 0 FREELISTS 1 FREELIST GROUPS 1
  BUFFER_POOL DEFAULT FLASH_CACHE DEFAULT CELL_FLASH_CACHE DEFAULT)
  TABLESPACE "USERS" ;

   COMMENT ON COLUMN "TESTER2"."BOLETAS"."ID_BOLETA" IS 'numero identificador de boleta';
   COMMENT ON COLUMN "TESTER2"."BOLETAS"."FECHA_PAGADA" IS 'fecha pagada,  [default = sysdate]';
   COMMENT ON COLUMN "TESTER2"."BOLETAS"."MONTO_PAGADO" IS 'cantidad de monto pagado';
   COMMENT ON COLUMN "TESTER2"."BOLETAS"."INTERES_PAGADO" IS 'cantidad de interes pagado';
   COMMENT ON COLUMN "TESTER2"."BOLETAS"."FECHA_VENCIMIENTO" IS 'fecha de vencimiento';
--------------------------------------------------------
--  DDL for Table CATEGORIAS
--------------------------------------------------------

  CREATE TABLE "TESTER2"."CATEGORIAS" 
   (	"ID_CATEGORIA" NUMBER(10,0), 
	"TIPO_CLIENTE" VARCHAR2(10 BYTE)
   ) SEGMENT CREATION IMMEDIATE 
  PCTFREE 10 PCTUSED 40 INITRANS 1 MAXTRANS 255 
 NOCOMPRESS LOGGING
  STORAGE(INITIAL 65536 NEXT 1048576 MINEXTENTS 1 MAXEXTENTS 2147483645
  PCTINCREASE 0 FREELISTS 1 FREELIST GROUPS 1
  BUFFER_POOL DEFAULT FLASH_CACHE DEFAULT CELL_FLASH_CACHE DEFAULT)
  TABLESPACE "USERS" ;

   COMMENT ON COLUMN "TESTER2"."CATEGORIAS"."ID_CATEGORIA" IS 'numero identificador de la categoria';
   COMMENT ON COLUMN "TESTER2"."CATEGORIAS"."TIPO_CLIENTE" IS 'el cliente puede ser nuevo, vigente o moroso';
--------------------------------------------------------
--  DDL for Table CREDITOS
--------------------------------------------------------

  CREATE TABLE "TESTER2"."CREDITOS" 
   (	"ID_CREDITO" NUMBER(10,0), 
	"NOMBRE" VARCHAR2(30 BYTE), 
	"DESCRIPCION" VARCHAR2(100 BYTE), 
	"TASA_INTERES" FLOAT(5), 
	"CUOTAS_MAX" NUMBER(5,0)
   ) SEGMENT CREATION IMMEDIATE 
  PCTFREE 10 PCTUSED 40 INITRANS 1 MAXTRANS 255 
 NOCOMPRESS LOGGING
  STORAGE(INITIAL 65536 NEXT 1048576 MINEXTENTS 1 MAXEXTENTS 2147483645
  PCTINCREASE 0 FREELISTS 1 FREELIST GROUPS 1
  BUFFER_POOL DEFAULT FLASH_CACHE DEFAULT CELL_FLASH_CACHE DEFAULT)
  TABLESPACE "USERS" ;

   COMMENT ON COLUMN "TESTER2"."CREDITOS"."ID_CREDITO" IS 'numero identificatorio de credito';
   COMMENT ON COLUMN "TESTER2"."CREDITOS"."NOMBRE" IS 'nombre del credito';
   COMMENT ON COLUMN "TESTER2"."CREDITOS"."DESCRIPCION" IS 'descripcion del credito';
   COMMENT ON COLUMN "TESTER2"."CREDITOS"."TASA_INTERES" IS 'porcentaje de la tasa de interes mensual';
   COMMENT ON COLUMN "TESTER2"."CREDITOS"."CUOTAS_MAX" IS 'numero maximo de cuotas';
--------------------------------------------------------
--  DDL for Table CREDITOS_SOLICITADOS
--------------------------------------------------------

  CREATE TABLE "TESTER2"."CREDITOS_SOLICITADOS" 
   (	"ID_CREDITO_SOLICITADO" NUMBER(10,0), 
	"FECHA_SOLICITUD" DATE DEFAULT sysdate, 
	"CANT_CUOTAS" NUMBER(2,0), 
	"MONTO_SOLICITADO" NUMBER(8,0), 
	"ID_SOCIO" NUMBER(10,0), 
	"ID_CREDITO" NUMBER(10,0)
   ) SEGMENT CREATION IMMEDIATE 
  PCTFREE 10 PCTUSED 40 INITRANS 1 MAXTRANS 255 
 NOCOMPRESS LOGGING
  STORAGE(INITIAL 65536 NEXT 1048576 MINEXTENTS 1 MAXEXTENTS 2147483645
  PCTINCREASE 0 FREELISTS 1 FREELIST GROUPS 1
  BUFFER_POOL DEFAULT FLASH_CACHE DEFAULT CELL_FLASH_CACHE DEFAULT)
  TABLESPACE "USERS" ;

   COMMENT ON COLUMN "TESTER2"."CREDITOS_SOLICITADOS"."ID_CREDITO_SOLICITADO" IS 'numero identificador del credito solicitado';
   COMMENT ON COLUMN "TESTER2"."CREDITOS_SOLICITADOS"."FECHA_SOLICITUD" IS 'fecha de la solicitud del credito,  [default = sysdate]';
   COMMENT ON COLUMN "TESTER2"."CREDITOS_SOLICITADOS"."CANT_CUOTAS" IS 'la cantidad de cuotas';
   COMMENT ON COLUMN "TESTER2"."CREDITOS_SOLICITADOS"."MONTO_SOLICITADO" IS 'la cantidad del monto solicitado';
   COMMENT ON COLUMN "TESTER2"."CREDITOS_SOLICITADOS"."ID_SOCIO" IS 'socio posee un numero identificador que es el id (key)';
--------------------------------------------------------
--  DDL for Table CUOTAS
--------------------------------------------------------

  CREATE TABLE "TESTER2"."CUOTAS" 
   (	"ID_CUOTA" NUMBER(10,0), 
	"FECHA_VENCIMIENTO" DATE, 
	"MONTO_CUOTA" NUMBER(9,0), 
	"INTERES" NUMBER(9,0), 
	"MONTO_A_PAGAR" NUMBER(9,0), 
	"ID_CREDITO_SOLICITADO" NUMBER(10,0), 
	"ESTADO_CUOTA" VARCHAR2(30 BYTE), 
	"FECHA_PAGO" DATE DEFAULT sysdate, 
	"MONTO_PAGO" NUMBER(9,0), 
	"ID_BOLETA" NUMBER(10,0), 
	"ID_MULTA" NUMBER(10,0)
   ) SEGMENT CREATION IMMEDIATE 
  PCTFREE 10 PCTUSED 40 INITRANS 1 MAXTRANS 255 
 NOCOMPRESS LOGGING
  STORAGE(INITIAL 65536 NEXT 1048576 MINEXTENTS 1 MAXEXTENTS 2147483645
  PCTINCREASE 0 FREELISTS 1 FREELIST GROUPS 1
  BUFFER_POOL DEFAULT FLASH_CACHE DEFAULT CELL_FLASH_CACHE DEFAULT)
  TABLESPACE "USERS" ;

   COMMENT ON COLUMN "TESTER2"."CUOTAS"."ID_CUOTA" IS 'numero identificador de la cuota';
   COMMENT ON COLUMN "TESTER2"."CUOTAS"."FECHA_VENCIMIENTO" IS 'fecha de vencimiento de la cuota';
   COMMENT ON COLUMN "TESTER2"."CUOTAS"."MONTO_CUOTA" IS 'cantidad del monto de la cuota';
   COMMENT ON COLUMN "TESTER2"."CUOTAS"."INTERES" IS 'monto de interes de la cuota';
   COMMENT ON COLUMN "TESTER2"."CUOTAS"."MONTO_A_PAGAR" IS 'monto a pagar de la cuota';
   COMMENT ON COLUMN "TESTER2"."CUOTAS"."ID_CREDITO_SOLICITADO" IS 'numero identificador del credito solicitado';
   COMMENT ON COLUMN "TESTER2"."CUOTAS"."ESTADO_CUOTA" IS 'pagada, pendiente y multada';
   COMMENT ON COLUMN "TESTER2"."CUOTAS"."FECHA_PAGO" IS 'fecha en la que se pago,  [default = sysdate]';
   COMMENT ON COLUMN "TESTER2"."CUOTAS"."MONTO_PAGO" IS 'monto pagado';
   COMMENT ON COLUMN "TESTER2"."CUOTAS"."ID_BOLETA" IS 'numero identificador de boleta';
   COMMENT ON COLUMN "TESTER2"."CUOTAS"."ID_MULTA" IS 'numero identificador de la multa';
--------------------------------------------------------
--  DDL for Table CUPONES_DE_PAGOS
--------------------------------------------------------

  CREATE TABLE "TESTER2"."CUPONES_DE_PAGOS" 
   (	"ID_CUPON" NUMBER(10,0), 
	"MONTO_PAGADO" NUMBER(9,0), 
	"FECHA_PAGO" DATE DEFAULT sysdate, 
	"NOMBRE" VARCHAR2(30 BYTE)
   ) SEGMENT CREATION IMMEDIATE 
  PCTFREE 10 PCTUSED 40 INITRANS 1 MAXTRANS 255 
 NOCOMPRESS LOGGING
  STORAGE(INITIAL 65536 NEXT 1048576 MINEXTENTS 1 MAXEXTENTS 2147483645
  PCTINCREASE 0 FREELISTS 1 FREELIST GROUPS 1
  BUFFER_POOL DEFAULT FLASH_CACHE DEFAULT CELL_FLASH_CACHE DEFAULT)
  TABLESPACE "USERS" ;

   COMMENT ON COLUMN "TESTER2"."CUPONES_DE_PAGOS"."ID_CUPON" IS 'numero identificador del cupon';
   COMMENT ON COLUMN "TESTER2"."CUPONES_DE_PAGOS"."MONTO_PAGADO" IS 'monto pagado del cupon';
   COMMENT ON COLUMN "TESTER2"."CUPONES_DE_PAGOS"."FECHA_PAGO" IS 'fecha de pago del cupon,  [default = sysdate]';
   COMMENT ON COLUMN "TESTER2"."CUPONES_DE_PAGOS"."NOMBRE" IS 'nombre del cupon';
--------------------------------------------------------
--  DDL for Table ESTADO_DE_CUENTAS
--------------------------------------------------------

  CREATE TABLE "TESTER2"."ESTADO_DE_CUENTAS" 
   (	"ID_ESTADO_CUENTA" NUMBER(10,0), 
	"CODIGO_BARRA" BLOB, 
	"FECHA_ESTADO_CUENTA" DATE DEFAULT sysdate, 
	"ID_SOCIO" NUMBER(10,0)
   ) SEGMENT CREATION DEFERRED 
  PCTFREE 10 PCTUSED 40 INITRANS 1 MAXTRANS 255 
 NOCOMPRESS LOGGING
  TABLESPACE "USERS" 
 LOB ("CODIGO_BARRA") STORE AS SECUREFILE (
  TABLESPACE "USERS" ENABLE STORAGE IN ROW 4000 CHUNK 8192
  NOCACHE LOGGING  NOCOMPRESS  KEEP_DUPLICATES ) ;

   COMMENT ON COLUMN "TESTER2"."ESTADO_DE_CUENTAS"."ID_ESTADO_CUENTA" IS 'numero identificador de estado de cuenta';
   COMMENT ON COLUMN "TESTER2"."ESTADO_DE_CUENTAS"."CODIGO_BARRA" IS 'imagen del codigo de barra';
   COMMENT ON COLUMN "TESTER2"."ESTADO_DE_CUENTAS"."FECHA_ESTADO_CUENTA" IS 'fecha de estado de cuenta,  [default = sysdate]';
   COMMENT ON COLUMN "TESTER2"."ESTADO_DE_CUENTAS"."ID_SOCIO" IS 'socio posee un numero identificador que es el id (key)';
--------------------------------------------------------
--  DDL for Table LISTA_APORTES
--------------------------------------------------------

  CREATE TABLE "TESTER2"."LISTA_APORTES" 
   (	"ID_APORT_LIST" NUMBER(*,0), 
	"FECHA_PAGO" DATE, 
	"MONTO_APORTE" NUMBER(*,0), 
	"ID_CUPON" NUMBER(10,0), 
	"ID_APORT_SOLI" NUMBER(*,0)
   ) SEGMENT CREATION IMMEDIATE 
  PCTFREE 10 PCTUSED 40 INITRANS 1 MAXTRANS 255 
 NOCOMPRESS LOGGING
  STORAGE(INITIAL 65536 NEXT 1048576 MINEXTENTS 1 MAXEXTENTS 2147483645
  PCTINCREASE 0 FREELISTS 1 FREELIST GROUPS 1
  BUFFER_POOL DEFAULT FLASH_CACHE DEFAULT CELL_FLASH_CACHE DEFAULT)
  TABLESPACE "USERS" ;
--------------------------------------------------------
--  DDL for Table MULTAS
--------------------------------------------------------

  CREATE TABLE "TESTER2"."MULTAS" 
   (	"ID_MULTA" NUMBER(10,0), 
	"MONTO_MULTA" NUMBER(9,0)
   ) SEGMENT CREATION IMMEDIATE 
  PCTFREE 10 PCTUSED 40 INITRANS 1 MAXTRANS 255 
 NOCOMPRESS LOGGING
  STORAGE(INITIAL 65536 NEXT 1048576 MINEXTENTS 1 MAXEXTENTS 2147483645
  PCTINCREASE 0 FREELISTS 1 FREELIST GROUPS 1
  BUFFER_POOL DEFAULT FLASH_CACHE DEFAULT CELL_FLASH_CACHE DEFAULT)
  TABLESPACE "USERS" ;

   COMMENT ON COLUMN "TESTER2"."MULTAS"."ID_MULTA" IS 'numero identificador de la multa';
   COMMENT ON COLUMN "TESTER2"."MULTAS"."MONTO_MULTA" IS 'monto de la multa';
--------------------------------------------------------
--  DDL for Table PROFESIONES
--------------------------------------------------------

  CREATE TABLE "TESTER2"."PROFESIONES" 
   (	"ID_PROFESION" NUMBER(10,0), 
	"NOMBRE_PROFESION" VARCHAR2(50 BYTE)
   ) SEGMENT CREATION IMMEDIATE 
  PCTFREE 10 PCTUSED 40 INITRANS 1 MAXTRANS 255 
 NOCOMPRESS LOGGING
  STORAGE(INITIAL 65536 NEXT 1048576 MINEXTENTS 1 MAXEXTENTS 2147483645
  PCTINCREASE 0 FREELISTS 1 FREELIST GROUPS 1
  BUFFER_POOL DEFAULT FLASH_CACHE DEFAULT CELL_FLASH_CACHE DEFAULT)
  TABLESPACE "USERS" ;

   COMMENT ON COLUMN "TESTER2"."PROFESIONES"."ID_PROFESION" IS 'numero identificador de la profesion';
   COMMENT ON COLUMN "TESTER2"."PROFESIONES"."NOMBRE_PROFESION" IS 'nombre de la profesion';
--------------------------------------------------------
--  DDL for Table RESIDENCIAS
--------------------------------------------------------

  CREATE TABLE "TESTER2"."RESIDENCIAS" 
   (	"ID_RESIDENCIA" NUMBER(8,0), 
	"CIUDAD" VARCHAR2(15 BYTE), 
	"REGION" VARCHAR2(15 BYTE)
   ) SEGMENT CREATION IMMEDIATE 
  PCTFREE 10 PCTUSED 40 INITRANS 1 MAXTRANS 255 
 NOCOMPRESS LOGGING
  STORAGE(INITIAL 65536 NEXT 1048576 MINEXTENTS 1 MAXEXTENTS 2147483645
  PCTINCREASE 0 FREELISTS 1 FREELIST GROUPS 1
  BUFFER_POOL DEFAULT FLASH_CACHE DEFAULT CELL_FLASH_CACHE DEFAULT)
  TABLESPACE "USERS" ;

   COMMENT ON COLUMN "TESTER2"."RESIDENCIAS"."ID_RESIDENCIA" IS 'identificador de la residencia';
   COMMENT ON COLUMN "TESTER2"."RESIDENCIAS"."CIUDAD" IS 'ciudad en la que vive el socio';
   COMMENT ON COLUMN "TESTER2"."RESIDENCIAS"."REGION" IS 'region en la que vive el socio';
--------------------------------------------------------
--  DDL for Table SOCIOS
--------------------------------------------------------

  CREATE TABLE "TESTER2"."SOCIOS" 
   (	"ID_SOCIO" NUMBER(10,0), 
	"NOMBRE" VARCHAR2(30 BYTE), 
	"AP_PATERNO" VARCHAR2(30 BYTE), 
	"AP_MATERNO" VARCHAR2(30 BYTE), 
	"e-mail" VARCHAR2(30 BYTE), 
	"DIRECCION" VARCHAR2(30 BYTE), 
	"FECHA_INSCRIPCION" DATE DEFAULT sysdate, 
	"APORTE_INSCRIPCION" NUMBER(8,0), 
	"CATEGORIA_ID_CATEGORIA" NUMBER(10,0), 
	"ID_RESIDENCIA" NUMBER(8,0), 
	"ID_TIPO" NUMBER(8,0), 
	"ID_PROFESION" NUMBER(10,0)
   ) SEGMENT CREATION IMMEDIATE 
  PCTFREE 10 PCTUSED 40 INITRANS 1 MAXTRANS 255 
 NOCOMPRESS LOGGING
  STORAGE(INITIAL 65536 NEXT 1048576 MINEXTENTS 1 MAXEXTENTS 2147483645
  PCTINCREASE 0 FREELISTS 1 FREELIST GROUPS 1
  BUFFER_POOL DEFAULT FLASH_CACHE DEFAULT CELL_FLASH_CACHE DEFAULT)
  TABLESPACE "USERS" ;

   COMMENT ON COLUMN "TESTER2"."SOCIOS"."ID_SOCIO" IS 'socio posee un numero identificador que es el id (key)';
   COMMENT ON COLUMN "TESTER2"."SOCIOS"."NOMBRE" IS 'primer nombre del socio';
   COMMENT ON COLUMN "TESTER2"."SOCIOS"."AP_PATERNO" IS 'apellido paterno del socio';
   COMMENT ON COLUMN "TESTER2"."SOCIOS"."AP_MATERNO" IS 'apellido materno del socio';
   COMMENT ON COLUMN "TESTER2"."SOCIOS"."e-mail" IS 'correo electronico del socio';
   COMMENT ON COLUMN "TESTER2"."SOCIOS"."DIRECCION" IS 'direccion del socio';
   COMMENT ON COLUMN "TESTER2"."SOCIOS"."FECHA_INSCRIPCION" IS 'fecha en la que se inscribió el socio,  [default = sysdate]';
   COMMENT ON COLUMN "TESTER2"."SOCIOS"."APORTE_INSCRIPCION" IS 'es el monto que el socio paga al inscribirse';
   COMMENT ON COLUMN "TESTER2"."SOCIOS"."CATEGORIA_ID_CATEGORIA" IS 'numero identificador de la categoria';
--------------------------------------------------------
--  DDL for Table TIPO_DE_SOCIOS
--------------------------------------------------------

  CREATE TABLE "TESTER2"."TIPO_DE_SOCIOS" 
   (	"ID_TIPO" NUMBER(8,0), 
	"NOMBRE_TIPO" VARCHAR2(15 BYTE)
   ) SEGMENT CREATION IMMEDIATE 
  PCTFREE 10 PCTUSED 40 INITRANS 1 MAXTRANS 255 
 NOCOMPRESS LOGGING
  STORAGE(INITIAL 65536 NEXT 1048576 MINEXTENTS 1 MAXEXTENTS 2147483645
  PCTINCREASE 0 FREELISTS 1 FREELIST GROUPS 1
  BUFFER_POOL DEFAULT FLASH_CACHE DEFAULT CELL_FLASH_CACHE DEFAULT)
  TABLESPACE "USERS" ;

   COMMENT ON COLUMN "TESTER2"."TIPO_DE_SOCIOS"."ID_TIPO" IS 'id primario de tipo de socio';
   COMMENT ON COLUMN "TESTER2"."TIPO_DE_SOCIOS"."NOMBRE_TIPO" IS 'pensionado, independiente o dependiente';
--------------------------------------------------------
--  DDL for Table UF
--------------------------------------------------------

  CREATE TABLE "TESTER2"."UF" 
   (	"MES" VARCHAR2(15 BYTE), 
	"DIA" VARCHAR2(15 BYTE), 
	"MONTO_UF" FLOAT(15)
   ) SEGMENT CREATION IMMEDIATE 
  PCTFREE 10 PCTUSED 40 INITRANS 1 MAXTRANS 255 
 NOCOMPRESS LOGGING
  STORAGE(INITIAL 65536 NEXT 1048576 MINEXTENTS 1 MAXEXTENTS 2147483645
  PCTINCREASE 0 FREELISTS 1 FREELIST GROUPS 1
  BUFFER_POOL DEFAULT FLASH_CACHE DEFAULT CELL_FLASH_CACHE DEFAULT)
  TABLESPACE "USERS" ;
REM INSERTING into TESTER2.APORTES
SET DEFINE OFF;
Insert into TESTER2.APORTES (ID_APORTE,NOMBRE,DESCRIPCION,TASA_INTERES,RESCATE_MAX) values ('2040870','Aporte Inscripcion','Inversion que permite ahorrar el 80% del aporte mensual de inscripcion','0,85','90');
Insert into TESTER2.APORTES (ID_APORTE,NOMBRE,DESCRIPCION,TASA_INTERES,RESCATE_MAX) values ('2040880','Cuenta de Ahorro','Inversion con una tasa de interes sobre el ahorro muy conveniente','0,35','100');
Insert into TESTER2.APORTES (ID_APORTE,NOMBRE,DESCRIPCION,TASA_INTERES,RESCATE_MAX) values ('2040861','Ahorro para pensionar','Cuenta de ahorro para la vejez. Permite aumentar la pension','0,4','100');
REM INSERTING into TESTER2.APORTES_SOLICITADOS
SET DEFINE OFF;
Insert into TESTER2.APORTES_SOLICITADOS (ID_APORT_SOLI,MESES_TOMADOS,ID_SOCIO,ID_APORTE) values ('500','12','9','2040870');
Insert into TESTER2.APORTES_SOLICITADOS (ID_APORT_SOLI,MESES_TOMADOS,ID_SOCIO,ID_APORTE) values ('505','36','11','2040880');
Insert into TESTER2.APORTES_SOLICITADOS (ID_APORT_SOLI,MESES_TOMADOS,ID_SOCIO,ID_APORTE) values ('510','25','13','2040861');
Insert into TESTER2.APORTES_SOLICITADOS (ID_APORT_SOLI,MESES_TOMADOS,ID_SOCIO,ID_APORTE) values ('515','48','14','2040880');
Insert into TESTER2.APORTES_SOLICITADOS (ID_APORT_SOLI,MESES_TOMADOS,ID_SOCIO,ID_APORTE) values ('520','6','16','2040880');
Insert into TESTER2.APORTES_SOLICITADOS (ID_APORT_SOLI,MESES_TOMADOS,ID_SOCIO,ID_APORTE) values ('525','10','18','2040861');
Insert into TESTER2.APORTES_SOLICITADOS (ID_APORT_SOLI,MESES_TOMADOS,ID_SOCIO,ID_APORTE) values ('530','25','19','2040870');
Insert into TESTER2.APORTES_SOLICITADOS (ID_APORT_SOLI,MESES_TOMADOS,ID_SOCIO,ID_APORTE) values ('535','69','24','2040870');
Insert into TESTER2.APORTES_SOLICITADOS (ID_APORT_SOLI,MESES_TOMADOS,ID_SOCIO,ID_APORTE) values ('540','86','9','2040870');
Insert into TESTER2.APORTES_SOLICITADOS (ID_APORT_SOLI,MESES_TOMADOS,ID_SOCIO,ID_APORTE) values ('545','36','11','2040880');
Insert into TESTER2.APORTES_SOLICITADOS (ID_APORT_SOLI,MESES_TOMADOS,ID_SOCIO,ID_APORTE) values ('550','24','13','2040861');
Insert into TESTER2.APORTES_SOLICITADOS (ID_APORT_SOLI,MESES_TOMADOS,ID_SOCIO,ID_APORTE) values ('555','12','14','2040880');
Insert into TESTER2.APORTES_SOLICITADOS (ID_APORT_SOLI,MESES_TOMADOS,ID_SOCIO,ID_APORTE) values ('560','56','16','2040861');
Insert into TESTER2.APORTES_SOLICITADOS (ID_APORT_SOLI,MESES_TOMADOS,ID_SOCIO,ID_APORTE) values ('565','32','18','2040880');
Insert into TESTER2.APORTES_SOLICITADOS (ID_APORT_SOLI,MESES_TOMADOS,ID_SOCIO,ID_APORTE) values ('570','20','19','2040870');
Insert into TESTER2.APORTES_SOLICITADOS (ID_APORT_SOLI,MESES_TOMADOS,ID_SOCIO,ID_APORTE) values ('575','27','24','2040880');
Insert into TESTER2.APORTES_SOLICITADOS (ID_APORT_SOLI,MESES_TOMADOS,ID_SOCIO,ID_APORTE) values ('580','14','11','2040870');
Insert into TESTER2.APORTES_SOLICITADOS (ID_APORT_SOLI,MESES_TOMADOS,ID_SOCIO,ID_APORTE) values ('585','19','16','2040861');
Insert into TESTER2.APORTES_SOLICITADOS (ID_APORT_SOLI,MESES_TOMADOS,ID_SOCIO,ID_APORTE) values ('590','46','24','2040880');
REM INSERTING into TESTER2.BOLETAS
SET DEFINE OFF;
Insert into TESTER2.BOLETAS (ID_BOLETA,FECHA_PAGADA,MONTO_PAGADO,INTERES_PAGADO,FECHA_VENCIMIENTO) values ('5',to_date('26/07/22','DD/MM/RR'),'20000','300',to_date('20/08/22','DD/MM/RR'));
Insert into TESTER2.BOLETAS (ID_BOLETA,FECHA_PAGADA,MONTO_PAGADO,INTERES_PAGADO,FECHA_VENCIMIENTO) values ('10',to_date('26/07/22','DD/MM/RR'),'20000','670',to_date('20/08/22','DD/MM/RR'));
Insert into TESTER2.BOLETAS (ID_BOLETA,FECHA_PAGADA,MONTO_PAGADO,INTERES_PAGADO,FECHA_VENCIMIENTO) values ('15',to_date('26/07/22','DD/MM/RR'),'35000','0',to_date('20/08/22','DD/MM/RR'));
Insert into TESTER2.BOLETAS (ID_BOLETA,FECHA_PAGADA,MONTO_PAGADO,INTERES_PAGADO,FECHA_VENCIMIENTO) values ('20',to_date('26/07/22','DD/MM/RR'),'28000','0',to_date('20/08/22','DD/MM/RR'));
Insert into TESTER2.BOLETAS (ID_BOLETA,FECHA_PAGADA,MONTO_PAGADO,INTERES_PAGADO,FECHA_VENCIMIENTO) values ('25',to_date('26/07/22','DD/MM/RR'),'30000','920',to_date('20/08/22','DD/MM/RR'));
Insert into TESTER2.BOLETAS (ID_BOLETA,FECHA_PAGADA,MONTO_PAGADO,INTERES_PAGADO,FECHA_VENCIMIENTO) values ('30',to_date('26/07/22','DD/MM/RR'),'15000','0',to_date('20/08/22','DD/MM/RR'));
Insert into TESTER2.BOLETAS (ID_BOLETA,FECHA_PAGADA,MONTO_PAGADO,INTERES_PAGADO,FECHA_VENCIMIENTO) values ('35',to_date('26/07/22','DD/MM/RR'),'46900','0',to_date('20/08/22','DD/MM/RR'));
Insert into TESTER2.BOLETAS (ID_BOLETA,FECHA_PAGADA,MONTO_PAGADO,INTERES_PAGADO,FECHA_VENCIMIENTO) values ('40',to_date('26/07/22','DD/MM/RR'),'58900','0',to_date('20/08/22','DD/MM/RR'));
Insert into TESTER2.BOLETAS (ID_BOLETA,FECHA_PAGADA,MONTO_PAGADO,INTERES_PAGADO,FECHA_VENCIMIENTO) values ('45',to_date('26/07/22','DD/MM/RR'),'63000','0',to_date('20/08/22','DD/MM/RR'));
Insert into TESTER2.BOLETAS (ID_BOLETA,FECHA_PAGADA,MONTO_PAGADO,INTERES_PAGADO,FECHA_VENCIMIENTO) values ('50',to_date('26/07/22','DD/MM/RR'),'78900','0',to_date('20/08/22','DD/MM/RR'));
REM INSERTING into TESTER2.CATEGORIAS
SET DEFINE OFF;
Insert into TESTER2.CATEGORIAS (ID_CATEGORIA,TIPO_CLIENTE) values ('1','nuevo');
Insert into TESTER2.CATEGORIAS (ID_CATEGORIA,TIPO_CLIENTE) values ('2','vigente');
Insert into TESTER2.CATEGORIAS (ID_CATEGORIA,TIPO_CLIENTE) values ('3','moroso');
REM INSERTING into TESTER2.CREDITOS
SET DEFINE OFF;
Insert into TESTER2.CREDITOS (ID_CREDITO,NOMBRE,DESCRIPCION,TASA_INTERES,CUOTAS_MAX) values ('2040845','Credito Hipotecario','Credito para la compra, amplificacion, reparacion o construccion de una','0,5','72');
Insert into TESTER2.CREDITOS (ID_CREDITO,NOMBRE,DESCRIPCION,TASA_INTERES,CUOTAS_MAX) values ('2040871','Credito de Consumo','Credito para financiar la compra de bienes de consumo o realizar el pago de servicios','0,25','48');
Insert into TESTER2.CREDITOS (ID_CREDITO,NOMBRE,DESCRIPCION,TASA_INTERES,CUOTAS_MAX) values ('2040861','Credito Automotriz','Credito para la adquisicion de vehiculo nuevo o usado','0,4','60');
Insert into TESTER2.CREDITOS (ID_CREDITO,NOMBRE,DESCRIPCION,TASA_INTERES,CUOTAS_MAX) values ('2040886','Credito de Emergencia','Credito para solucionar un imprevisto de salud o catastrofe','0,35','48');
Insert into TESTER2.CREDITOS (ID_CREDITO,NOMBRE,DESCRIPCION,TASA_INTERES,CUOTAS_MAX) values ('2040993','Credito por pago de arancel','Credito para el pago parcial o completo de una carrera','0,8','48');
REM INSERTING into TESTER2.CREDITOS_SOLICITADOS
SET DEFINE OFF;
Insert into TESTER2.CREDITOS_SOLICITADOS (ID_CREDITO_SOLICITADO,FECHA_SOLICITUD,CANT_CUOTAS,MONTO_SOLICITADO,ID_SOCIO,ID_CREDITO) values ('1000',to_date('01/01/22','DD/MM/RR'),'10','5000000','6','2040845');
Insert into TESTER2.CREDITOS_SOLICITADOS (ID_CREDITO_SOLICITADO,FECHA_SOLICITUD,CANT_CUOTAS,MONTO_SOLICITADO,ID_SOCIO,ID_CREDITO) values ('1125',to_date('01/02/22','DD/MM/RR'),'35','6325000','7','2040871');
Insert into TESTER2.CREDITOS_SOLICITADOS (ID_CREDITO_SOLICITADO,FECHA_SOLICITUD,CANT_CUOTAS,MONTO_SOLICITADO,ID_SOCIO,ID_CREDITO) values ('1250',to_date('06/03/22','DD/MM/RR'),'46','5252000','6','2040993');
Insert into TESTER2.CREDITOS_SOLICITADOS (ID_CREDITO_SOLICITADO,FECHA_SOLICITUD,CANT_CUOTAS,MONTO_SOLICITADO,ID_SOCIO,ID_CREDITO) values ('1375',to_date('12/03/22','DD/MM/RR'),'60','10250500','9','2040861');
Insert into TESTER2.CREDITOS_SOLICITADOS (ID_CREDITO_SOLICITADO,FECHA_SOLICITUD,CANT_CUOTAS,MONTO_SOLICITADO,ID_SOCIO,ID_CREDITO) values ('1500',to_date('24/05/22','DD/MM/RR'),'32','6958000','15','2040886');
Insert into TESTER2.CREDITOS_SOLICITADOS (ID_CREDITO_SOLICITADO,FECHA_SOLICITUD,CANT_CUOTAS,MONTO_SOLICITADO,ID_SOCIO,ID_CREDITO) values ('1625',to_date('30/05/22','DD/MM/RR'),'3','6159000','10','2040861');
Insert into TESTER2.CREDITOS_SOLICITADOS (ID_CREDITO_SOLICITADO,FECHA_SOLICITUD,CANT_CUOTAS,MONTO_SOLICITADO,ID_SOCIO,ID_CREDITO) values ('1750',to_date('22/06/22','DD/MM/RR'),'72','9562500','18','2040845');
Insert into TESTER2.CREDITOS_SOLICITADOS (ID_CREDITO_SOLICITADO,FECHA_SOLICITUD,CANT_CUOTAS,MONTO_SOLICITADO,ID_SOCIO,ID_CREDITO) values ('1875',to_date('25/07/22','DD/MM/RR'),'60','23650000','12','2040861');
Insert into TESTER2.CREDITOS_SOLICITADOS (ID_CREDITO_SOLICITADO,FECHA_SOLICITUD,CANT_CUOTAS,MONTO_SOLICITADO,ID_SOCIO,ID_CREDITO) values ('2000',to_date('26/07/22','DD/MM/RR'),'48','9682000','12','2040993');
Insert into TESTER2.CREDITOS_SOLICITADOS (ID_CREDITO_SOLICITADO,FECHA_SOLICITUD,CANT_CUOTAS,MONTO_SOLICITADO,ID_SOCIO,ID_CREDITO) values ('2125',to_date('30/08/22','DD/MM/RR'),'48','6782400','25','2040886');
Insert into TESTER2.CREDITOS_SOLICITADOS (ID_CREDITO_SOLICITADO,FECHA_SOLICITUD,CANT_CUOTAS,MONTO_SOLICITADO,ID_SOCIO,ID_CREDITO) values ('2250',to_date('01/09/22','DD/MM/RR'),'36','5600000','21','2040861');
Insert into TESTER2.CREDITOS_SOLICITADOS (ID_CREDITO_SOLICITADO,FECHA_SOLICITUD,CANT_CUOTAS,MONTO_SOLICITADO,ID_SOCIO,ID_CREDITO) values ('2375',to_date('15/09/22','DD/MM/RR'),'25','9682300','15','2040871');
Insert into TESTER2.CREDITOS_SOLICITADOS (ID_CREDITO_SOLICITADO,FECHA_SOLICITUD,CANT_CUOTAS,MONTO_SOLICITADO,ID_SOCIO,ID_CREDITO) values ('2500',to_date('30/09/22','DD/MM/RR'),'12','11250635','18','2040993');
Insert into TESTER2.CREDITOS_SOLICITADOS (ID_CREDITO_SOLICITADO,FECHA_SOLICITUD,CANT_CUOTAS,MONTO_SOLICITADO,ID_SOCIO,ID_CREDITO) values ('2625',to_date('01/10/22','DD/MM/RR'),'20','7850000','8','2040845');
Insert into TESTER2.CREDITOS_SOLICITADOS (ID_CREDITO_SOLICITADO,FECHA_SOLICITUD,CANT_CUOTAS,MONTO_SOLICITADO,ID_SOCIO,ID_CREDITO) values ('2750',to_date('05/10/22','DD/MM/RR'),'37','4785200','6','2040886');
Insert into TESTER2.CREDITOS_SOLICITADOS (ID_CREDITO_SOLICITADO,FECHA_SOLICITUD,CANT_CUOTAS,MONTO_SOLICITADO,ID_SOCIO,ID_CREDITO) values ('2875',to_date('05/10/22','DD/MM/RR'),'64','16982000','25','2040845');
Insert into TESTER2.CREDITOS_SOLICITADOS (ID_CREDITO_SOLICITADO,FECHA_SOLICITUD,CANT_CUOTAS,MONTO_SOLICITADO,ID_SOCIO,ID_CREDITO) values ('3000',to_date('26/10/22','DD/MM/RR'),'23','7485500','12','2040993');
Insert into TESTER2.CREDITOS_SOLICITADOS (ID_CREDITO_SOLICITADO,FECHA_SOLICITUD,CANT_CUOTAS,MONTO_SOLICITADO,ID_SOCIO,ID_CREDITO) values ('3125',to_date('30/11/22','DD/MM/RR'),'16','8974600','9','2040871');
Insert into TESTER2.CREDITOS_SOLICITADOS (ID_CREDITO_SOLICITADO,FECHA_SOLICITUD,CANT_CUOTAS,MONTO_SOLICITADO,ID_SOCIO,ID_CREDITO) values ('3250',to_date('30/11/22','DD/MM/RR'),'32','10256300','17','2040886');
Insert into TESTER2.CREDITOS_SOLICITADOS (ID_CREDITO_SOLICITADO,FECHA_SOLICITUD,CANT_CUOTAS,MONTO_SOLICITADO,ID_SOCIO,ID_CREDITO) values ('3375',to_date('30/11/22','DD/MM/RR'),'64','6875000','21','2040845');
Insert into TESTER2.CREDITOS_SOLICITADOS (ID_CREDITO_SOLICITADO,FECHA_SOLICITUD,CANT_CUOTAS,MONTO_SOLICITADO,ID_SOCIO,ID_CREDITO) values ('3500',to_date('15/12/22','DD/MM/RR'),'8','9300000','23','2040886');
Insert into TESTER2.CREDITOS_SOLICITADOS (ID_CREDITO_SOLICITADO,FECHA_SOLICITUD,CANT_CUOTAS,MONTO_SOLICITADO,ID_SOCIO,ID_CREDITO) values ('3625',to_date('16/12/22','DD/MM/RR'),'12','3200000','24','2040871');
Insert into TESTER2.CREDITOS_SOLICITADOS (ID_CREDITO_SOLICITADO,FECHA_SOLICITUD,CANT_CUOTAS,MONTO_SOLICITADO,ID_SOCIO,ID_CREDITO) values ('3750',to_date('20/12/22','DD/MM/RR'),'52','6350000','9','2040861');
Insert into TESTER2.CREDITOS_SOLICITADOS (ID_CREDITO_SOLICITADO,FECHA_SOLICITUD,CANT_CUOTAS,MONTO_SOLICITADO,ID_SOCIO,ID_CREDITO) values ('3875',to_date('28/12/22','DD/MM/RR'),'47','7685000','10','2040993');
REM INSERTING into TESTER2.CUOTAS
SET DEFINE OFF;
Insert into TESTER2.CUOTAS (ID_CUOTA,FECHA_VENCIMIENTO,MONTO_CUOTA,INTERES,MONTO_A_PAGAR,ID_CREDITO_SOLICITADO,ESTADO_CUOTA,FECHA_PAGO,MONTO_PAGO,ID_BOLETA,ID_MULTA) values ('1',to_date('20/07/22','DD/MM/RR'),'14285','5715','20000','1375','pagada',to_date('21/07/22','DD/MM/RR'),'20300','5','3');
Insert into TESTER2.CUOTAS (ID_CUOTA,FECHA_VENCIMIENTO,MONTO_CUOTA,INTERES,MONTO_A_PAGAR,ID_CREDITO_SOLICITADO,ESTADO_CUOTA,FECHA_PAGO,MONTO_PAGO,ID_BOLETA,ID_MULTA) values ('6',to_date('20/07/22','DD/MM/RR'),'14285','5715','20000','1375','pagada',to_date('21/07/22','DD/MM/RR'),'20300','5','3');
Insert into TESTER2.CUOTAS (ID_CUOTA,FECHA_VENCIMIENTO,MONTO_CUOTA,INTERES,MONTO_A_PAGAR,ID_CREDITO_SOLICITADO,ESTADO_CUOTA,FECHA_PAGO,MONTO_PAGO,ID_BOLETA,ID_MULTA) values ('7',to_date('20/07/22','DD/MM/RR'),'14285','5715','20000','1375','multada',to_date('26/07/22','DD/MM/RR'),null,null,'6');
Insert into TESTER2.CUOTAS (ID_CUOTA,FECHA_VENCIMIENTO,MONTO_CUOTA,INTERES,MONTO_A_PAGAR,ID_CREDITO_SOLICITADO,ESTADO_CUOTA,FECHA_PAGO,MONTO_PAGO,ID_BOLETA,ID_MULTA) values ('8',to_date('20/07/22','DD/MM/RR'),'14285','5715','20000','1375','multada',to_date('26/07/22','DD/MM/RR'),null,null,'12');
Insert into TESTER2.CUOTAS (ID_CUOTA,FECHA_VENCIMIENTO,MONTO_CUOTA,INTERES,MONTO_A_PAGAR,ID_CREDITO_SOLICITADO,ESTADO_CUOTA,FECHA_PAGO,MONTO_PAGO,ID_BOLETA,ID_MULTA) values ('9',to_date('20/07/22','DD/MM/RR'),'14285','5715','20000','1375','multada',to_date('26/07/22','DD/MM/RR'),null,null,'15');
Insert into TESTER2.CUOTAS (ID_CUOTA,FECHA_VENCIMIENTO,MONTO_CUOTA,INTERES,MONTO_A_PAGAR,ID_CREDITO_SOLICITADO,ESTADO_CUOTA,FECHA_PAGO,MONTO_PAGO,ID_BOLETA,ID_MULTA) values ('10',to_date('25/07/22','DD/MM/RR'),'14285','5715','20000','1375','pendiente',to_date('26/07/22','DD/MM/RR'),null,null,null);
Insert into TESTER2.CUOTAS (ID_CUOTA,FECHA_VENCIMIENTO,MONTO_CUOTA,INTERES,MONTO_A_PAGAR,ID_CREDITO_SOLICITADO,ESTADO_CUOTA,FECHA_PAGO,MONTO_PAGO,ID_BOLETA,ID_MULTA) values ('11',to_date('25/07/22','DD/MM/RR'),'28000','7000','35000','3625','pagada',to_date('21/07/22','DD/MM/RR'),'37190','15','9');
Insert into TESTER2.CUOTAS (ID_CUOTA,FECHA_VENCIMIENTO,MONTO_CUOTA,INTERES,MONTO_A_PAGAR,ID_CREDITO_SOLICITADO,ESTADO_CUOTA,FECHA_PAGO,MONTO_PAGO,ID_BOLETA,ID_MULTA) values ('12',to_date('25/07/22','DD/MM/RR'),'32000','8000','40000','3625','multada',to_date('26/07/22','DD/MM/RR'),null,null,'18');
Insert into TESTER2.CUOTAS (ID_CUOTA,FECHA_VENCIMIENTO,MONTO_CUOTA,INTERES,MONTO_A_PAGAR,ID_CREDITO_SOLICITADO,ESTADO_CUOTA,FECHA_PAGO,MONTO_PAGO,ID_BOLETA,ID_MULTA) values ('13',to_date('25/07/22','DD/MM/RR'),'36000','9000','45000','3625','pendiente',to_date('26/07/22','DD/MM/RR'),null,null,null);
Insert into TESTER2.CUOTAS (ID_CUOTA,FECHA_VENCIMIENTO,MONTO_CUOTA,INTERES,MONTO_A_PAGAR,ID_CREDITO_SOLICITADO,ESTADO_CUOTA,FECHA_PAGO,MONTO_PAGO,ID_BOLETA,ID_MULTA) values ('14',to_date('25/07/22','DD/MM/RR'),'40000','10000','50000','3625','pendiente',to_date('26/07/22','DD/MM/RR'),null,null,null);
Insert into TESTER2.CUOTAS (ID_CUOTA,FECHA_VENCIMIENTO,MONTO_CUOTA,INTERES,MONTO_A_PAGAR,ID_CREDITO_SOLICITADO,ESTADO_CUOTA,FECHA_PAGO,MONTO_PAGO,ID_BOLETA,ID_MULTA) values ('15',to_date('25/07/22','DD/MM/RR'),'44000','11000','55000','3625','pendiente',to_date('26/07/22','DD/MM/RR'),null,null,null);
Insert into TESTER2.CUOTAS (ID_CUOTA,FECHA_VENCIMIENTO,MONTO_CUOTA,INTERES,MONTO_A_PAGAR,ID_CREDITO_SOLICITADO,ESTADO_CUOTA,FECHA_PAGO,MONTO_PAGO,ID_BOLETA,ID_MULTA) values ('16',to_date('25/07/22','DD/MM/RR'),'11110','8890','20000','3000','pagada',to_date('21/07/22','DD/MM/RR'),'20670','10','21');
Insert into TESTER2.CUOTAS (ID_CUOTA,FECHA_VENCIMIENTO,MONTO_CUOTA,INTERES,MONTO_A_PAGAR,ID_CREDITO_SOLICITADO,ESTADO_CUOTA,FECHA_PAGO,MONTO_PAGO,ID_BOLETA,ID_MULTA) values ('17',to_date('25/07/22','DD/MM/RR'),'13890','11110','25000','3000','multada',to_date('26/07/22','DD/MM/RR'),null,null,'27');
Insert into TESTER2.CUOTAS (ID_CUOTA,FECHA_VENCIMIENTO,MONTO_CUOTA,INTERES,MONTO_A_PAGAR,ID_CREDITO_SOLICITADO,ESTADO_CUOTA,FECHA_PAGO,MONTO_PAGO,ID_BOLETA,ID_MULTA) values ('18',to_date('25/07/22','DD/MM/RR'),'16670','13330','30000','3000','pendiente',to_date('26/07/22','DD/MM/RR'),null,null,null);
Insert into TESTER2.CUOTAS (ID_CUOTA,FECHA_VENCIMIENTO,MONTO_CUOTA,INTERES,MONTO_A_PAGAR,ID_CREDITO_SOLICITADO,ESTADO_CUOTA,FECHA_PAGO,MONTO_PAGO,ID_BOLETA,ID_MULTA) values ('19',to_date('25/07/22','DD/MM/RR'),'19440','15560','35000','3000','pendiente',to_date('26/07/22','DD/MM/RR'),null,null,null);
Insert into TESTER2.CUOTAS (ID_CUOTA,FECHA_VENCIMIENTO,MONTO_CUOTA,INTERES,MONTO_A_PAGAR,ID_CREDITO_SOLICITADO,ESTADO_CUOTA,FECHA_PAGO,MONTO_PAGO,ID_BOLETA,ID_MULTA) values ('20',to_date('25/07/22','DD/MM/RR'),'22220','17780','40000','3000','pendiente',to_date('26/07/22','DD/MM/RR'),null,null,null);
Insert into TESTER2.CUOTAS (ID_CUOTA,FECHA_VENCIMIENTO,MONTO_CUOTA,INTERES,MONTO_A_PAGAR,ID_CREDITO_SOLICITADO,ESTADO_CUOTA,FECHA_PAGO,MONTO_PAGO,ID_BOLETA,ID_MULTA) values ('21',to_date('25/07/22','DD/MM/RR'),'20000','8000','28000','1625','pagada',to_date('21/07/22','DD/MM/RR'),'28920','20','24');
Insert into TESTER2.CUOTAS (ID_CUOTA,FECHA_VENCIMIENTO,MONTO_CUOTA,INTERES,MONTO_A_PAGAR,ID_CREDITO_SOLICITADO,ESTADO_CUOTA,FECHA_PAGO,MONTO_PAGO,ID_BOLETA,ID_MULTA) values ('22',to_date('25/07/22','DD/MM/RR'),'21430','8570','30000','1625','pagada',to_date('21/07/22','DD/MM/RR'),'47000','25','30');
Insert into TESTER2.CUOTAS (ID_CUOTA,FECHA_VENCIMIENTO,MONTO_CUOTA,INTERES,MONTO_A_PAGAR,ID_CREDITO_SOLICITADO,ESTADO_CUOTA,FECHA_PAGO,MONTO_PAGO,ID_BOLETA,ID_MULTA) values ('23',to_date('25/07/22','DD/MM/RR'),'22860','9140','32000','1625','pendiente',to_date('26/07/22','DD/MM/RR'),null,null,null);
Insert into TESTER2.CUOTAS (ID_CUOTA,FECHA_VENCIMIENTO,MONTO_CUOTA,INTERES,MONTO_A_PAGAR,ID_CREDITO_SOLICITADO,ESTADO_CUOTA,FECHA_PAGO,MONTO_PAGO,ID_BOLETA,ID_MULTA) values ('24',to_date('25/07/22','DD/MM/RR'),'24290','9710','34000','1625','pendiente',to_date('26/07/22','DD/MM/RR'),null,null,null);
Insert into TESTER2.CUOTAS (ID_CUOTA,FECHA_VENCIMIENTO,MONTO_CUOTA,INTERES,MONTO_A_PAGAR,ID_CREDITO_SOLICITADO,ESTADO_CUOTA,FECHA_PAGO,MONTO_PAGO,ID_BOLETA,ID_MULTA) values ('25',to_date('25/07/22','DD/MM/RR'),'25720','10280','36000','1625','pendiente',to_date('26/07/22','DD/MM/RR'),null,null,null);
Insert into TESTER2.CUOTAS (ID_CUOTA,FECHA_VENCIMIENTO,MONTO_CUOTA,INTERES,MONTO_A_PAGAR,ID_CREDITO_SOLICITADO,ESTADO_CUOTA,FECHA_PAGO,MONTO_PAGO,ID_BOLETA,ID_MULTA) values ('26',to_date('25/07/22','DD/MM/RR'),'11111','3889','15000','3500','pagada',to_date('21/07/22','DD/MM/RR'),'15000','30',null);
Insert into TESTER2.CUOTAS (ID_CUOTA,FECHA_VENCIMIENTO,MONTO_CUOTA,INTERES,MONTO_A_PAGAR,ID_CREDITO_SOLICITADO,ESTADO_CUOTA,FECHA_PAGO,MONTO_PAGO,ID_BOLETA,ID_MULTA) values ('27',to_date('25/07/22','DD/MM/RR'),'34740','12160','46900','3500','pagada',to_date('21/07/22','DD/MM/RR'),'46900','35',null);
Insert into TESTER2.CUOTAS (ID_CUOTA,FECHA_VENCIMIENTO,MONTO_CUOTA,INTERES,MONTO_A_PAGAR,ID_CREDITO_SOLICITADO,ESTADO_CUOTA,FECHA_PAGO,MONTO_PAGO,ID_BOLETA,ID_MULTA) values ('28',to_date('25/07/22','DD/MM/RR'),'43630','15270','58900','3500','pagada',to_date('21/07/22','DD/MM/RR'),'58900','40',null);
Insert into TESTER2.CUOTAS (ID_CUOTA,FECHA_VENCIMIENTO,MONTO_CUOTA,INTERES,MONTO_A_PAGAR,ID_CREDITO_SOLICITADO,ESTADO_CUOTA,FECHA_PAGO,MONTO_PAGO,ID_BOLETA,ID_MULTA) values ('29',to_date('25/07/22','DD/MM/RR'),'46670','16330','63000','3500','pagada',to_date('21/07/22','DD/MM/RR'),'63000','45',null);
Insert into TESTER2.CUOTAS (ID_CUOTA,FECHA_VENCIMIENTO,MONTO_CUOTA,INTERES,MONTO_A_PAGAR,ID_CREDITO_SOLICITADO,ESTADO_CUOTA,FECHA_PAGO,MONTO_PAGO,ID_BOLETA,ID_MULTA) values ('30',to_date('25/07/22','DD/MM/RR'),'58450','20450','78900','3500','pagada',to_date('21/07/22','DD/MM/RR'),'78900','50',null);
REM INSERTING into TESTER2.CUPONES_DE_PAGOS
SET DEFINE OFF;
Insert into TESTER2.CUPONES_DE_PAGOS (ID_CUPON,MONTO_PAGADO,FECHA_PAGO,NOMBRE) values ('100','9870',to_date('26/07/22','DD/MM/RR'),'Pago Aporte');
Insert into TESTER2.CUPONES_DE_PAGOS (ID_CUPON,MONTO_PAGADO,FECHA_PAGO,NOMBRE) values ('101','9560',to_date('26/07/22','DD/MM/RR'),'Pago Aporte');
Insert into TESTER2.CUPONES_DE_PAGOS (ID_CUPON,MONTO_PAGADO,FECHA_PAGO,NOMBRE) values ('102','7890',to_date('26/07/22','DD/MM/RR'),'Pago Aporte');
Insert into TESTER2.CUPONES_DE_PAGOS (ID_CUPON,MONTO_PAGADO,FECHA_PAGO,NOMBRE) values ('103','9630',to_date('26/07/22','DD/MM/RR'),'Pago Aporte');
Insert into TESTER2.CUPONES_DE_PAGOS (ID_CUPON,MONTO_PAGADO,FECHA_PAGO,NOMBRE) values ('104','9500',to_date('26/07/22','DD/MM/RR'),'Pago Aporte');
Insert into TESTER2.CUPONES_DE_PAGOS (ID_CUPON,MONTO_PAGADO,FECHA_PAGO,NOMBRE) values ('105','9850',to_date('26/07/22','DD/MM/RR'),'Pago Aporte');
Insert into TESTER2.CUPONES_DE_PAGOS (ID_CUPON,MONTO_PAGADO,FECHA_PAGO,NOMBRE) values ('106','7640',to_date('26/07/22','DD/MM/RR'),'Pago Aporte');
Insert into TESTER2.CUPONES_DE_PAGOS (ID_CUPON,MONTO_PAGADO,FECHA_PAGO,NOMBRE) values ('107','8530',to_date('26/07/22','DD/MM/RR'),'Pago Aporte');
Insert into TESTER2.CUPONES_DE_PAGOS (ID_CUPON,MONTO_PAGADO,FECHA_PAGO,NOMBRE) values ('108','8640',to_date('26/07/22','DD/MM/RR'),'Pago Aporte');
Insert into TESTER2.CUPONES_DE_PAGOS (ID_CUPON,MONTO_PAGADO,FECHA_PAGO,NOMBRE) values ('109','9940',to_date('26/07/22','DD/MM/RR'),'Pago Aporte');
REM INSERTING into TESTER2.ESTADO_DE_CUENTAS
SET DEFINE OFF;
REM INSERTING into TESTER2.LISTA_APORTES
SET DEFINE OFF;
Insert into TESTER2.LISTA_APORTES (ID_APORT_LIST,FECHA_PAGO,MONTO_APORTE,ID_CUPON,ID_APORT_SOLI) values ('10',to_date('26/07/22','DD/MM/RR'),'9870','100','500');
Insert into TESTER2.LISTA_APORTES (ID_APORT_LIST,FECHA_PAGO,MONTO_APORTE,ID_CUPON,ID_APORT_SOLI) values ('20',to_date('26/07/22','DD/MM/RR'),'9850','105','500');
Insert into TESTER2.LISTA_APORTES (ID_APORT_LIST,FECHA_PAGO,MONTO_APORTE,ID_CUPON,ID_APORT_SOLI) values ('30',null,'9800',null,'500');
Insert into TESTER2.LISTA_APORTES (ID_APORT_LIST,FECHA_PAGO,MONTO_APORTE,ID_CUPON,ID_APORT_SOLI) values ('40',null,'9840',null,'500');
Insert into TESTER2.LISTA_APORTES (ID_APORT_LIST,FECHA_PAGO,MONTO_APORTE,ID_CUPON,ID_APORT_SOLI) values ('50',null,'9900',null,'500');
Insert into TESTER2.LISTA_APORTES (ID_APORT_LIST,FECHA_PAGO,MONTO_APORTE,ID_CUPON,ID_APORT_SOLI) values ('60',to_date('26/07/22','DD/MM/RR'),'9560','101','525');
Insert into TESTER2.LISTA_APORTES (ID_APORT_LIST,FECHA_PAGO,MONTO_APORTE,ID_CUPON,ID_APORT_SOLI) values ('70',to_date('26/07/22','DD/MM/RR'),'7640','106','525');
Insert into TESTER2.LISTA_APORTES (ID_APORT_LIST,FECHA_PAGO,MONTO_APORTE,ID_CUPON,ID_APORT_SOLI) values ('80',null,'8920',null,'525');
Insert into TESTER2.LISTA_APORTES (ID_APORT_LIST,FECHA_PAGO,MONTO_APORTE,ID_CUPON,ID_APORT_SOLI) values ('90',null,'7690',null,'525');
Insert into TESTER2.LISTA_APORTES (ID_APORT_LIST,FECHA_PAGO,MONTO_APORTE,ID_CUPON,ID_APORT_SOLI) values ('100',null,'9600',null,'525');
Insert into TESTER2.LISTA_APORTES (ID_APORT_LIST,FECHA_PAGO,MONTO_APORTE,ID_CUPON,ID_APORT_SOLI) values ('110',to_date('26/07/22','DD/MM/RR'),'7890','102','560');
Insert into TESTER2.LISTA_APORTES (ID_APORT_LIST,FECHA_PAGO,MONTO_APORTE,ID_CUPON,ID_APORT_SOLI) values ('120',to_date('26/07/22','DD/MM/RR'),'8530','107','560');
Insert into TESTER2.LISTA_APORTES (ID_APORT_LIST,FECHA_PAGO,MONTO_APORTE,ID_CUPON,ID_APORT_SOLI) values ('130',null,'8900',null,'560');
Insert into TESTER2.LISTA_APORTES (ID_APORT_LIST,FECHA_PAGO,MONTO_APORTE,ID_CUPON,ID_APORT_SOLI) values ('140',null,'7650',null,'560');
Insert into TESTER2.LISTA_APORTES (ID_APORT_LIST,FECHA_PAGO,MONTO_APORTE,ID_CUPON,ID_APORT_SOLI) values ('150',null,'9870',null,'560');
Insert into TESTER2.LISTA_APORTES (ID_APORT_LIST,FECHA_PAGO,MONTO_APORTE,ID_CUPON,ID_APORT_SOLI) values ('160',to_date('26/07/22','DD/MM/RR'),'9630','103','580');
Insert into TESTER2.LISTA_APORTES (ID_APORT_LIST,FECHA_PAGO,MONTO_APORTE,ID_CUPON,ID_APORT_SOLI) values ('170',to_date('26/07/22','DD/MM/RR'),'8640','108','580');
Insert into TESTER2.LISTA_APORTES (ID_APORT_LIST,FECHA_PAGO,MONTO_APORTE,ID_CUPON,ID_APORT_SOLI) values ('180',null,'9530',null,'580');
Insert into TESTER2.LISTA_APORTES (ID_APORT_LIST,FECHA_PAGO,MONTO_APORTE,ID_CUPON,ID_APORT_SOLI) values ('190',null,'8920',null,'580');
Insert into TESTER2.LISTA_APORTES (ID_APORT_LIST,FECHA_PAGO,MONTO_APORTE,ID_CUPON,ID_APORT_SOLI) values ('200',null,'9760',null,'580');
Insert into TESTER2.LISTA_APORTES (ID_APORT_LIST,FECHA_PAGO,MONTO_APORTE,ID_CUPON,ID_APORT_SOLI) values ('210',to_date('26/07/22','DD/MM/RR'),'9500','104','590');
Insert into TESTER2.LISTA_APORTES (ID_APORT_LIST,FECHA_PAGO,MONTO_APORTE,ID_CUPON,ID_APORT_SOLI) values ('220',to_date('26/07/22','DD/MM/RR'),'9940','109','590');
Insert into TESTER2.LISTA_APORTES (ID_APORT_LIST,FECHA_PAGO,MONTO_APORTE,ID_CUPON,ID_APORT_SOLI) values ('230',null,'9680',null,'590');
Insert into TESTER2.LISTA_APORTES (ID_APORT_LIST,FECHA_PAGO,MONTO_APORTE,ID_CUPON,ID_APORT_SOLI) values ('240',null,'9750',null,'590');
Insert into TESTER2.LISTA_APORTES (ID_APORT_LIST,FECHA_PAGO,MONTO_APORTE,ID_CUPON,ID_APORT_SOLI) values ('250',null,'9830',null,'590');
REM INSERTING into TESTER2.MULTAS
SET DEFINE OFF;
Insert into TESTER2.MULTAS (ID_MULTA,MONTO_MULTA) values ('3','300');
Insert into TESTER2.MULTAS (ID_MULTA,MONTO_MULTA) values ('6','500');
Insert into TESTER2.MULTAS (ID_MULTA,MONTO_MULTA) values ('9','2190');
Insert into TESTER2.MULTAS (ID_MULTA,MONTO_MULTA) values ('12','450');
Insert into TESTER2.MULTAS (ID_MULTA,MONTO_MULTA) values ('15','320');
Insert into TESTER2.MULTAS (ID_MULTA,MONTO_MULTA) values ('18','1500');
Insert into TESTER2.MULTAS (ID_MULTA,MONTO_MULTA) values ('21','670');
Insert into TESTER2.MULTAS (ID_MULTA,MONTO_MULTA) values ('24','920');
Insert into TESTER2.MULTAS (ID_MULTA,MONTO_MULTA) values ('27','210');
Insert into TESTER2.MULTAS (ID_MULTA,MONTO_MULTA) values ('30','100');
REM INSERTING into TESTER2.PROFESIONES
SET DEFINE OFF;
Insert into TESTER2.PROFESIONES (ID_PROFESION,NOMBRE_PROFESION) values ('1','Informatico');
Insert into TESTER2.PROFESIONES (ID_PROFESION,NOMBRE_PROFESION) values ('2','Medico');
Insert into TESTER2.PROFESIONES (ID_PROFESION,NOMBRE_PROFESION) values ('3','Mecanico');
Insert into TESTER2.PROFESIONES (ID_PROFESION,NOMBRE_PROFESION) values ('4','Minero');
Insert into TESTER2.PROFESIONES (ID_PROFESION,NOMBRE_PROFESION) values ('5','Electronico');
Insert into TESTER2.PROFESIONES (ID_PROFESION,NOMBRE_PROFESION) values ('6','Electrico');
Insert into TESTER2.PROFESIONES (ID_PROFESION,NOMBRE_PROFESION) values ('7','Policia');
Insert into TESTER2.PROFESIONES (ID_PROFESION,NOMBRE_PROFESION) values ('8','Astronomia');
REM INSERTING into TESTER2.RESIDENCIAS
SET DEFINE OFF;
Insert into TESTER2.RESIDENCIAS (ID_RESIDENCIA,CIUDAD,REGION) values ('10','Valparaiso','Valparaiso');
Insert into TESTER2.RESIDENCIAS (ID_RESIDENCIA,CIUDAD,REGION) values ('20','Vina del Mar','Valparaiso');
Insert into TESTER2.RESIDENCIAS (ID_RESIDENCIA,CIUDAD,REGION) values ('30','Quilpue','Valparaiso');
Insert into TESTER2.RESIDENCIAS (ID_RESIDENCIA,CIUDAD,REGION) values ('40','Casablanca','Valparaiso');
Insert into TESTER2.RESIDENCIAS (ID_RESIDENCIA,CIUDAD,REGION) values ('50','Maipu','Metropolitana');
Insert into TESTER2.RESIDENCIAS (ID_RESIDENCIA,CIUDAD,REGION) values ('60','Las Condes','Metropolitana');
Insert into TESTER2.RESIDENCIAS (ID_RESIDENCIA,CIUDAD,REGION) values ('70','La Cisterna','Metropolitana');
REM INSERTING into TESTER2.SOCIOS
SET DEFINE OFF;
Insert into TESTER2.SOCIOS (ID_SOCIO,NOMBRE,AP_PATERNO,AP_MATERNO,"e-mail",DIRECCION,FECHA_INSCRIPCION,APORTE_INSCRIPCION,CATEGORIA_ID_CATEGORIA,ID_RESIDENCIA,ID_TIPO,ID_PROFESION) values ('1','Juan','Perez','Perez','juanpepe1907@gmail.com','Calle Juan Rodriguez 121',to_date('26/07/22','DD/MM/RR'),'33311','1','40','1','4');
Insert into TESTER2.SOCIOS (ID_SOCIO,NOMBRE,AP_PATERNO,AP_MATERNO,"e-mail",DIRECCION,FECHA_INSCRIPCION,APORTE_INSCRIPCION,CATEGORIA_ID_CATEGORIA,ID_RESIDENCIA,ID_TIPO,ID_PROFESION) values ('2','Bryan','Riveros','Sagardia','bryanrisa2007@gmail.com','Avenida siempreviva 110',to_date('26/07/22','DD/MM/RR'),'33311','1','30','3','2');
Insert into TESTER2.SOCIOS (ID_SOCIO,NOMBRE,AP_PATERNO,AP_MATERNO,"e-mail",DIRECCION,FECHA_INSCRIPCION,APORTE_INSCRIPCION,CATEGORIA_ID_CATEGORIA,ID_RESIDENCIA,ID_TIPO,ID_PROFESION) values ('3','Magdalena','Diaz','Poblete','magdalenadipo@gmail.com','Pasaje andromeda 568',to_date('26/07/22','DD/MM/RR'),'33311','1','50','2','8');
Insert into TESTER2.SOCIOS (ID_SOCIO,NOMBRE,AP_PATERNO,AP_MATERNO,"e-mail",DIRECCION,FECHA_INSCRIPCION,APORTE_INSCRIPCION,CATEGORIA_ID_CATEGORIA,ID_RESIDENCIA,ID_TIPO,ID_PROFESION) values ('4','Nicolas','Arancibia','Herrera','nicolasarhe@gmail.com','Avenida Bernardo Ohiggins',to_date('26/07/22','DD/MM/RR'),'33311','1','50','2','2');
Insert into TESTER2.SOCIOS (ID_SOCIO,NOMBRE,AP_PATERNO,AP_MATERNO,"e-mail",DIRECCION,FECHA_INSCRIPCION,APORTE_INSCRIPCION,CATEGORIA_ID_CATEGORIA,ID_RESIDENCIA,ID_TIPO,ID_PROFESION) values ('5','Maickol','Reyes','Vidal','maickolrevi@gmail.com','Avenida Bellavista 664',to_date('26/07/22','DD/MM/RR'),'33311','1','20','2','1');
Insert into TESTER2.SOCIOS (ID_SOCIO,NOMBRE,AP_PATERNO,AP_MATERNO,"e-mail",DIRECCION,FECHA_INSCRIPCION,APORTE_INSCRIPCION,CATEGORIA_ID_CATEGORIA,ID_RESIDENCIA,ID_TIPO,ID_PROFESION) values ('6','Andres','Richmon','Perez','andresripe@gmail.com','Calle David Pinto 526',to_date('26/07/22','DD/MM/RR'),'33311','2','70','1','7');
Insert into TESTER2.SOCIOS (ID_SOCIO,NOMBRE,AP_PATERNO,AP_MATERNO,"e-mail",DIRECCION,FECHA_INSCRIPCION,APORTE_INSCRIPCION,CATEGORIA_ID_CATEGORIA,ID_RESIDENCIA,ID_TIPO,ID_PROFESION) values ('7','Roberto','Mafinfla','Olivares','robertomaol@gmail.com','Pasaje Los Muertos 1236',to_date('26/07/22','DD/MM/RR'),'33311','2','50','3','5');
Insert into TESTER2.SOCIOS (ID_SOCIO,NOMBRE,AP_PATERNO,AP_MATERNO,"e-mail",DIRECCION,FECHA_INSCRIPCION,APORTE_INSCRIPCION,CATEGORIA_ID_CATEGORIA,ID_RESIDENCIA,ID_TIPO,ID_PROFESION) values ('8','Sebastian','Navarro','Gutierrez','sebastiannagu@gmail.com','Avenida Angamos 523',to_date('26/07/22','DD/MM/RR'),'33311','2','60','1','6');
Insert into TESTER2.SOCIOS (ID_SOCIO,NOMBRE,AP_PATERNO,AP_MATERNO,"e-mail",DIRECCION,FECHA_INSCRIPCION,APORTE_INSCRIPCION,CATEGORIA_ID_CATEGORIA,ID_RESIDENCIA,ID_TIPO,ID_PROFESION) values ('9','Ignacio','Cabrera','Pizarro','ignaciocapi@gmail.com','Calle Roberto Matta 478',to_date('26/07/22','DD/MM/RR'),'33311','3','30','2','1');
Insert into TESTER2.SOCIOS (ID_SOCIO,NOMBRE,AP_PATERNO,AP_MATERNO,"e-mail",DIRECCION,FECHA_INSCRIPCION,APORTE_INSCRIPCION,CATEGORIA_ID_CATEGORIA,ID_RESIDENCIA,ID_TIPO,ID_PROFESION) values ('10','Diego','Barriga','Bustamante','diegobabu@gmail.com','Avenida Cierra Nevada 698',to_date('26/07/22','DD/MM/RR'),'33311','3','10','3','5');
Insert into TESTER2.SOCIOS (ID_SOCIO,NOMBRE,AP_PATERNO,AP_MATERNO,"e-mail",DIRECCION,FECHA_INSCRIPCION,APORTE_INSCRIPCION,CATEGORIA_ID_CATEGORIA,ID_RESIDENCIA,ID_TIPO,ID_PROFESION) values ('11','Camilo','Ortega','Gutierrez','camiloorgu@gmail.com','Pasaje Claudio Matta 874',to_date('26/07/22','DD/MM/RR'),'33311','3','40','1','7');
Insert into TESTER2.SOCIOS (ID_SOCIO,NOMBRE,AP_PATERNO,AP_MATERNO,"e-mail",DIRECCION,FECHA_INSCRIPCION,APORTE_INSCRIPCION,CATEGORIA_ID_CATEGORIA,ID_RESIDENCIA,ID_TIPO,ID_PROFESION) values ('12','Lissandra','Di Marco','Gonzales','lissandradigo@gmail.com','Avenida Balmaceda 555',to_date('26/07/22','DD/MM/RR'),'33311','3','20','3','8');
Insert into TESTER2.SOCIOS (ID_SOCIO,NOMBRE,AP_PATERNO,AP_MATERNO,"e-mail",DIRECCION,FECHA_INSCRIPCION,APORTE_INSCRIPCION,CATEGORIA_ID_CATEGORIA,ID_RESIDENCIA,ID_TIPO,ID_PROFESION) values ('13','Elba','Zurita','Delgado','elbazude@gmail.com','Calle Jorge Montt 325',to_date('26/07/22','DD/MM/RR'),'33311','3','30','1','4');
Insert into TESTER2.SOCIOS (ID_SOCIO,NOMBRE,AP_PATERNO,AP_MATERNO,"e-mail",DIRECCION,FECHA_INSCRIPCION,APORTE_INSCRIPCION,CATEGORIA_ID_CATEGORIA,ID_RESIDENCIA,ID_TIPO,ID_PROFESION) values ('14','Marcos','Campos','Vergara','marcoscave@gmail.com','Avenida Diabulo 666',to_date('26/07/22','DD/MM/RR'),'33311','2','40','1','6');
Insert into TESTER2.SOCIOS (ID_SOCIO,NOMBRE,AP_PATERNO,AP_MATERNO,"e-mail",DIRECCION,FECHA_INSCRIPCION,APORTE_INSCRIPCION,CATEGORIA_ID_CATEGORIA,ID_RESIDENCIA,ID_TIPO,ID_PROFESION) values ('15','Mariana','Vega','Centelles','marianavece@gmail.com','Avenida Brasil 1045',to_date('26/07/22','DD/MM/RR'),'33311','2','10','1','4');
Insert into TESTER2.SOCIOS (ID_SOCIO,NOMBRE,AP_PATERNO,AP_MATERNO,"e-mail",DIRECCION,FECHA_INSCRIPCION,APORTE_INSCRIPCION,CATEGORIA_ID_CATEGORIA,ID_RESIDENCIA,ID_TIPO,ID_PROFESION) values ('16','Patricio','Carlos','Parado','patriciocapa@gmail.com','Avenida Peru 281',to_date('26/07/22','DD/MM/RR'),'33311','2','30','2','7');
Insert into TESTER2.SOCIOS (ID_SOCIO,NOMBRE,AP_PATERNO,AP_MATERNO,"e-mail",DIRECCION,FECHA_INSCRIPCION,APORTE_INSCRIPCION,CATEGORIA_ID_CATEGORIA,ID_RESIDENCIA,ID_TIPO,ID_PROFESION) values ('17','Oriana','Karabec','Kupier','orianakaku@gmail.com','Avenida CrowWolf 135',to_date('26/07/22','DD/MM/RR'),'33311','2','40','2','6');
Insert into TESTER2.SOCIOS (ID_SOCIO,NOMBRE,AP_PATERNO,AP_MATERNO,"e-mail",DIRECCION,FECHA_INSCRIPCION,APORTE_INSCRIPCION,CATEGORIA_ID_CATEGORIA,ID_RESIDENCIA,ID_TIPO,ID_PROFESION) values ('18','Isabel','De La Torre','Munoz','isabeldemu@gmail.com','Calle Tsushima 953',to_date('26/07/22','DD/MM/RR'),'33311','2','30','2','5');
Insert into TESTER2.SOCIOS (ID_SOCIO,NOMBRE,AP_PATERNO,AP_MATERNO,"e-mail",DIRECCION,FECHA_INSCRIPCION,APORTE_INSCRIPCION,CATEGORIA_ID_CATEGORIA,ID_RESIDENCIA,ID_TIPO,ID_PROFESION) values ('19','Manuel','Neuer','Contreras','manuelneco@gmail.com','Pasaje KillTreus 208',to_date('26/07/22','DD/MM/RR'),'33311','2','20','1','7');
Insert into TESTER2.SOCIOS (ID_SOCIO,NOMBRE,AP_PATERNO,AP_MATERNO,"e-mail",DIRECCION,FECHA_INSCRIPCION,APORTE_INSCRIPCION,CATEGORIA_ID_CATEGORIA,ID_RESIDENCIA,ID_TIPO,ID_PROFESION) values ('20','Pablo','Gavi','Martinez','pablogama@gmail.com','Avenida Colombia 684',to_date('26/07/22','DD/MM/RR'),'33311','1','50','1','6');
Insert into TESTER2.SOCIOS (ID_SOCIO,NOMBRE,AP_PATERNO,AP_MATERNO,"e-mail",DIRECCION,FECHA_INSCRIPCION,APORTE_INSCRIPCION,CATEGORIA_ID_CATEGORIA,ID_RESIDENCIA,ID_TIPO,ID_PROFESION) values ('21','Francisco','Pizarro','Sepulveda','franciscopise@gmail.com','Calle San Martin 1023',to_date('26/07/22','DD/MM/RR'),'33311','3','60','1','5');
Insert into TESTER2.SOCIOS (ID_SOCIO,NOMBRE,AP_PATERNO,AP_MATERNO,"e-mail",DIRECCION,FECHA_INSCRIPCION,APORTE_INSCRIPCION,CATEGORIA_ID_CATEGORIA,ID_RESIDENCIA,ID_TIPO,ID_PROFESION) values ('22','Napoleon','Bonaparte','Di Cessares','napoleonbodi@gmail.com','Avenida Libertad 566',to_date('26/07/22','DD/MM/RR'),'33311','1','40','3','3');
Insert into TESTER2.SOCIOS (ID_SOCIO,NOMBRE,AP_PATERNO,AP_MATERNO,"e-mail",DIRECCION,FECHA_INSCRIPCION,APORTE_INSCRIPCION,CATEGORIA_ID_CATEGORIA,ID_RESIDENCIA,ID_TIPO,ID_PROFESION) values ('23','Diego','Silva','Flores','diegosifl@gmail.com','Pasaje Los Paltos 489',to_date('26/07/22','DD/MM/RR'),'33311','2','30','3','4');
Insert into TESTER2.SOCIOS (ID_SOCIO,NOMBRE,AP_PATERNO,AP_MATERNO,"e-mail",DIRECCION,FECHA_INSCRIPCION,APORTE_INSCRIPCION,CATEGORIA_ID_CATEGORIA,ID_RESIDENCIA,ID_TIPO,ID_PROFESION) values ('24','Francisco','Sepulveda','Munoz','franciscosemu@gmail.com','Calle uno 10',to_date('26/07/22','DD/MM/RR'),'33311','3','20','3','1');
Insert into TESTER2.SOCIOS (ID_SOCIO,NOMBRE,AP_PATERNO,AP_MATERNO,"e-mail",DIRECCION,FECHA_INSCRIPCION,APORTE_INSCRIPCION,CATEGORIA_ID_CATEGORIA,ID_RESIDENCIA,ID_TIPO,ID_PROFESION) values ('25','Mel','Galvez','Galvez','melgaga@gmail.com','Avenida Lusitania 53',to_date('26/07/22','DD/MM/RR'),'33311','3','70','3','2');
REM INSERTING into TESTER2.TIPO_DE_SOCIOS
SET DEFINE OFF;
Insert into TESTER2.TIPO_DE_SOCIOS (ID_TIPO,NOMBRE_TIPO) values ('1','T. Dependiente');
Insert into TESTER2.TIPO_DE_SOCIOS (ID_TIPO,NOMBRE_TIPO) values ('2','T Independiente');
Insert into TESTER2.TIPO_DE_SOCIOS (ID_TIPO,NOMBRE_TIPO) values ('3','Pensionado');
REM INSERTING into TESTER2.UF
SET DEFINE OFF;
Insert into TESTER2.UF (MES,DIA,MONTO_UF) values ('Julio','01','33100');
Insert into TESTER2.UF (MES,DIA,MONTO_UF) values ('Julio','02','33113');
Insert into TESTER2.UF (MES,DIA,MONTO_UF) values ('Julio','03','33126');
Insert into TESTER2.UF (MES,DIA,MONTO_UF) values ('Julio','04','33140');
Insert into TESTER2.UF (MES,DIA,MONTO_UF) values ('Julio','05','33153');
Insert into TESTER2.UF (MES,DIA,MONTO_UF) values ('Julio','06','33166');
Insert into TESTER2.UF (MES,DIA,MONTO_UF) values ('Julio','07','33179');
Insert into TESTER2.UF (MES,DIA,MONTO_UF) values ('Julio','08','33192');
Insert into TESTER2.UF (MES,DIA,MONTO_UF) values ('Julio','09','33205');
Insert into TESTER2.UF (MES,DIA,MONTO_UF) values ('Julio','10','33215');
Insert into TESTER2.UF (MES,DIA,MONTO_UF) values ('Julio','11','33225');
Insert into TESTER2.UF (MES,DIA,MONTO_UF) values ('Julio','12','33234');
Insert into TESTER2.UF (MES,DIA,MONTO_UF) values ('Julio','13','33244');
Insert into TESTER2.UF (MES,DIA,MONTO_UF) values ('Julio','14','33253');
Insert into TESTER2.UF (MES,DIA,MONTO_UF) values ('Julio','15','33263');
Insert into TESTER2.UF (MES,DIA,MONTO_UF) values ('Julio','16','33273');
Insert into TESTER2.UF (MES,DIA,MONTO_UF) values ('Julio','17','33222');
Insert into TESTER2.UF (MES,DIA,MONTO_UF) values ('Julio','18','33292');
Insert into TESTER2.UF (MES,DIA,MONTO_UF) values ('Julio','19','33302');
Insert into TESTER2.UF (MES,DIA,MONTO_UF) values ('Julio','20','33311');
Insert into TESTER2.UF (MES,DIA,MONTO_UF) values ('Julio','21','33321');
Insert into TESTER2.UF (MES,DIA,MONTO_UF) values ('Julio','22','33330');
Insert into TESTER2.UF (MES,DIA,MONTO_UF) values ('Julio','23','33340');
Insert into TESTER2.UF (MES,DIA,MONTO_UF) values ('Julio','24','33350');
Insert into TESTER2.UF (MES,DIA,MONTO_UF) values ('Julio','25','33359');
Insert into TESTER2.UF (MES,DIA,MONTO_UF) values ('Julio','26','33369');
Insert into TESTER2.UF (MES,DIA,MONTO_UF) values ('Julio','27','33379');
Insert into TESTER2.UF (MES,DIA,MONTO_UF) values ('Julio','28','33388');
Insert into TESTER2.UF (MES,DIA,MONTO_UF) values ('Julio','29','33398');
Insert into TESTER2.UF (MES,DIA,MONTO_UF) values ('Julio','30','33408');
Insert into TESTER2.UF (MES,DIA,MONTO_UF) values ('Julio','31','33417');
--------------------------------------------------------
--  DDL for Index APORTES_PK
--------------------------------------------------------

  CREATE UNIQUE INDEX "TESTER2"."APORTES_PK" ON "TESTER2"."APORTES" ("ID_APORTE") 
  PCTFREE 10 INITRANS 2 MAXTRANS 255 COMPUTE STATISTICS 
  STORAGE(INITIAL 65536 NEXT 1048576 MINEXTENTS 1 MAXEXTENTS 2147483645
  PCTINCREASE 0 FREELISTS 1 FREELIST GROUPS 1
  BUFFER_POOL DEFAULT FLASH_CACHE DEFAULT CELL_FLASH_CACHE DEFAULT)
  TABLESPACE "USERS" ;
--------------------------------------------------------
--  DDL for Index APORTES_SOLICITADOS_PK
--------------------------------------------------------

  CREATE UNIQUE INDEX "TESTER2"."APORTES_SOLICITADOS_PK" ON "TESTER2"."APORTES_SOLICITADOS" ("ID_APORT_SOLI") 
  PCTFREE 10 INITRANS 2 MAXTRANS 255 COMPUTE STATISTICS 
  STORAGE(INITIAL 65536 NEXT 1048576 MINEXTENTS 1 MAXEXTENTS 2147483645
  PCTINCREASE 0 FREELISTS 1 FREELIST GROUPS 1
  BUFFER_POOL DEFAULT FLASH_CACHE DEFAULT CELL_FLASH_CACHE DEFAULT)
  TABLESPACE "USERS" ;
--------------------------------------------------------
--  DDL for Index BOLETAS_PK
--------------------------------------------------------

  CREATE UNIQUE INDEX "TESTER2"."BOLETAS_PK" ON "TESTER2"."BOLETAS" ("ID_BOLETA") 
  PCTFREE 10 INITRANS 2 MAXTRANS 255 COMPUTE STATISTICS 
  STORAGE(INITIAL 65536 NEXT 1048576 MINEXTENTS 1 MAXEXTENTS 2147483645
  PCTINCREASE 0 FREELISTS 1 FREELIST GROUPS 1
  BUFFER_POOL DEFAULT FLASH_CACHE DEFAULT CELL_FLASH_CACHE DEFAULT)
  TABLESPACE "USERS" ;
--------------------------------------------------------
--  DDL for Index CATEGORIAS_PK
--------------------------------------------------------

  CREATE UNIQUE INDEX "TESTER2"."CATEGORIAS_PK" ON "TESTER2"."CATEGORIAS" ("ID_CATEGORIA") 
  PCTFREE 10 INITRANS 2 MAXTRANS 255 COMPUTE STATISTICS 
  STORAGE(INITIAL 65536 NEXT 1048576 MINEXTENTS 1 MAXEXTENTS 2147483645
  PCTINCREASE 0 FREELISTS 1 FREELIST GROUPS 1
  BUFFER_POOL DEFAULT FLASH_CACHE DEFAULT CELL_FLASH_CACHE DEFAULT)
  TABLESPACE "USERS" ;
--------------------------------------------------------
--  DDL for Index CREDITOS_PK
--------------------------------------------------------

  CREATE UNIQUE INDEX "TESTER2"."CREDITOS_PK" ON "TESTER2"."CREDITOS" ("ID_CREDITO") 
  PCTFREE 10 INITRANS 2 MAXTRANS 255 COMPUTE STATISTICS 
  STORAGE(INITIAL 65536 NEXT 1048576 MINEXTENTS 1 MAXEXTENTS 2147483645
  PCTINCREASE 0 FREELISTS 1 FREELIST GROUPS 1
  BUFFER_POOL DEFAULT FLASH_CACHE DEFAULT CELL_FLASH_CACHE DEFAULT)
  TABLESPACE "USERS" ;
--------------------------------------------------------
--  DDL for Index CREDITOS_SOLICITADOS_PK
--------------------------------------------------------

  CREATE UNIQUE INDEX "TESTER2"."CREDITOS_SOLICITADOS_PK" ON "TESTER2"."CREDITOS_SOLICITADOS" ("ID_CREDITO_SOLICITADO") 
  PCTFREE 10 INITRANS 2 MAXTRANS 255 COMPUTE STATISTICS 
  STORAGE(INITIAL 65536 NEXT 1048576 MINEXTENTS 1 MAXEXTENTS 2147483645
  PCTINCREASE 0 FREELISTS 1 FREELIST GROUPS 1
  BUFFER_POOL DEFAULT FLASH_CACHE DEFAULT CELL_FLASH_CACHE DEFAULT)
  TABLESPACE "USERS" ;
--------------------------------------------------------
--  DDL for Index CUOTAS_PK
--------------------------------------------------------

  CREATE UNIQUE INDEX "TESTER2"."CUOTAS_PK" ON "TESTER2"."CUOTAS" ("ID_CUOTA") 
  PCTFREE 10 INITRANS 2 MAXTRANS 255 COMPUTE STATISTICS 
  STORAGE(INITIAL 65536 NEXT 1048576 MINEXTENTS 1 MAXEXTENTS 2147483645
  PCTINCREASE 0 FREELISTS 1 FREELIST GROUPS 1
  BUFFER_POOL DEFAULT FLASH_CACHE DEFAULT CELL_FLASH_CACHE DEFAULT)
  TABLESPACE "USERS" ;
--------------------------------------------------------
--  DDL for Index CUPONES_DE_PAGOS_PK
--------------------------------------------------------

  CREATE UNIQUE INDEX "TESTER2"."CUPONES_DE_PAGOS_PK" ON "TESTER2"."CUPONES_DE_PAGOS" ("ID_CUPON") 
  PCTFREE 10 INITRANS 2 MAXTRANS 255 COMPUTE STATISTICS 
  STORAGE(INITIAL 65536 NEXT 1048576 MINEXTENTS 1 MAXEXTENTS 2147483645
  PCTINCREASE 0 FREELISTS 1 FREELIST GROUPS 1
  BUFFER_POOL DEFAULT FLASH_CACHE DEFAULT CELL_FLASH_CACHE DEFAULT)
  TABLESPACE "USERS" ;
--------------------------------------------------------
--  DDL for Index ESTADO_DE_CUENTAS_PK
--------------------------------------------------------

  CREATE UNIQUE INDEX "TESTER2"."ESTADO_DE_CUENTAS_PK" ON "TESTER2"."ESTADO_DE_CUENTAS" ("ID_ESTADO_CUENTA") 
  PCTFREE 10 INITRANS 2 MAXTRANS 255 COMPUTE STATISTICS 
  TABLESPACE "USERS" ;
--------------------------------------------------------
--  DDL for Index LISTA_APORTES_PK
--------------------------------------------------------

  CREATE UNIQUE INDEX "TESTER2"."LISTA_APORTES_PK" ON "TESTER2"."LISTA_APORTES" ("ID_APORT_LIST") 
  PCTFREE 10 INITRANS 2 MAXTRANS 255 COMPUTE STATISTICS 
  STORAGE(INITIAL 65536 NEXT 1048576 MINEXTENTS 1 MAXEXTENTS 2147483645
  PCTINCREASE 0 FREELISTS 1 FREELIST GROUPS 1
  BUFFER_POOL DEFAULT FLASH_CACHE DEFAULT CELL_FLASH_CACHE DEFAULT)
  TABLESPACE "USERS" ;
--------------------------------------------------------
--  DDL for Index MULTAS_PK
--------------------------------------------------------

  CREATE UNIQUE INDEX "TESTER2"."MULTAS_PK" ON "TESTER2"."MULTAS" ("ID_MULTA") 
  PCTFREE 10 INITRANS 2 MAXTRANS 255 COMPUTE STATISTICS 
  STORAGE(INITIAL 65536 NEXT 1048576 MINEXTENTS 1 MAXEXTENTS 2147483645
  PCTINCREASE 0 FREELISTS 1 FREELIST GROUPS 1
  BUFFER_POOL DEFAULT FLASH_CACHE DEFAULT CELL_FLASH_CACHE DEFAULT)
  TABLESPACE "USERS" ;
--------------------------------------------------------
--  DDL for Index PROFESIONES_PK
--------------------------------------------------------

  CREATE UNIQUE INDEX "TESTER2"."PROFESIONES_PK" ON "TESTER2"."PROFESIONES" ("ID_PROFESION") 
  PCTFREE 10 INITRANS 2 MAXTRANS 255 COMPUTE STATISTICS 
  STORAGE(INITIAL 65536 NEXT 1048576 MINEXTENTS 1 MAXEXTENTS 2147483645
  PCTINCREASE 0 FREELISTS 1 FREELIST GROUPS 1
  BUFFER_POOL DEFAULT FLASH_CACHE DEFAULT CELL_FLASH_CACHE DEFAULT)
  TABLESPACE "USERS" ;
--------------------------------------------------------
--  DDL for Index RESIDENCIAS_PK
--------------------------------------------------------

  CREATE UNIQUE INDEX "TESTER2"."RESIDENCIAS_PK" ON "TESTER2"."RESIDENCIAS" ("ID_RESIDENCIA") 
  PCTFREE 10 INITRANS 2 MAXTRANS 255 COMPUTE STATISTICS 
  STORAGE(INITIAL 65536 NEXT 1048576 MINEXTENTS 1 MAXEXTENTS 2147483645
  PCTINCREASE 0 FREELISTS 1 FREELIST GROUPS 1
  BUFFER_POOL DEFAULT FLASH_CACHE DEFAULT CELL_FLASH_CACHE DEFAULT)
  TABLESPACE "USERS" ;
--------------------------------------------------------
--  DDL for Index SOCIOS_PK
--------------------------------------------------------

  CREATE UNIQUE INDEX "TESTER2"."SOCIOS_PK" ON "TESTER2"."SOCIOS" ("ID_SOCIO") 
  PCTFREE 10 INITRANS 2 MAXTRANS 255 COMPUTE STATISTICS 
  STORAGE(INITIAL 65536 NEXT 1048576 MINEXTENTS 1 MAXEXTENTS 2147483645
  PCTINCREASE 0 FREELISTS 1 FREELIST GROUPS 1
  BUFFER_POOL DEFAULT FLASH_CACHE DEFAULT CELL_FLASH_CACHE DEFAULT)
  TABLESPACE "USERS" ;
--------------------------------------------------------
--  DDL for Index TIPO_DE_SOCIOS_PK
--------------------------------------------------------

  CREATE UNIQUE INDEX "TESTER2"."TIPO_DE_SOCIOS_PK" ON "TESTER2"."TIPO_DE_SOCIOS" ("ID_TIPO") 
  PCTFREE 10 INITRANS 2 MAXTRANS 255 COMPUTE STATISTICS 
  STORAGE(INITIAL 65536 NEXT 1048576 MINEXTENTS 1 MAXEXTENTS 2147483645
  PCTINCREASE 0 FREELISTS 1 FREELIST GROUPS 1
  BUFFER_POOL DEFAULT FLASH_CACHE DEFAULT CELL_FLASH_CACHE DEFAULT)
  TABLESPACE "USERS" ;
--------------------------------------------------------
--  Constraints for Table APORTES
--------------------------------------------------------

  ALTER TABLE "TESTER2"."APORTES" MODIFY ("ID_APORTE" NOT NULL ENABLE);
  ALTER TABLE "TESTER2"."APORTES" MODIFY ("NOMBRE" NOT NULL ENABLE);
  ALTER TABLE "TESTER2"."APORTES" MODIFY ("DESCRIPCION" NOT NULL ENABLE);
  ALTER TABLE "TESTER2"."APORTES" MODIFY ("TASA_INTERES" NOT NULL ENABLE);
  ALTER TABLE "TESTER2"."APORTES" MODIFY ("RESCATE_MAX" NOT NULL ENABLE);
  ALTER TABLE "TESTER2"."APORTES" ADD CONSTRAINT "APORTES_PK" PRIMARY KEY ("ID_APORTE")
  USING INDEX PCTFREE 10 INITRANS 2 MAXTRANS 255 COMPUTE STATISTICS 
  STORAGE(INITIAL 65536 NEXT 1048576 MINEXTENTS 1 MAXEXTENTS 2147483645
  PCTINCREASE 0 FREELISTS 1 FREELIST GROUPS 1
  BUFFER_POOL DEFAULT FLASH_CACHE DEFAULT CELL_FLASH_CACHE DEFAULT)
  TABLESPACE "USERS"  ENABLE;
--------------------------------------------------------
--  Constraints for Table APORTES_SOLICITADOS
--------------------------------------------------------

  ALTER TABLE "TESTER2"."APORTES_SOLICITADOS" MODIFY ("ID_APORT_SOLI" NOT NULL ENABLE);
  ALTER TABLE "TESTER2"."APORTES_SOLICITADOS" MODIFY ("ID_SOCIO" NOT NULL ENABLE);
  ALTER TABLE "TESTER2"."APORTES_SOLICITADOS" MODIFY ("ID_APORTE" NOT NULL ENABLE);
  ALTER TABLE "TESTER2"."APORTES_SOLICITADOS" ADD CONSTRAINT "APORTES_SOLICITADOS_PK" PRIMARY KEY ("ID_APORT_SOLI")
  USING INDEX PCTFREE 10 INITRANS 2 MAXTRANS 255 COMPUTE STATISTICS 
  STORAGE(INITIAL 65536 NEXT 1048576 MINEXTENTS 1 MAXEXTENTS 2147483645
  PCTINCREASE 0 FREELISTS 1 FREELIST GROUPS 1
  BUFFER_POOL DEFAULT FLASH_CACHE DEFAULT CELL_FLASH_CACHE DEFAULT)
  TABLESPACE "USERS"  ENABLE;
--------------------------------------------------------
--  Constraints for Table BOLETAS
--------------------------------------------------------

  ALTER TABLE "TESTER2"."BOLETAS" MODIFY ("ID_BOLETA" NOT NULL ENABLE);
  ALTER TABLE "TESTER2"."BOLETAS" MODIFY ("FECHA_PAGADA" NOT NULL ENABLE);
  ALTER TABLE "TESTER2"."BOLETAS" MODIFY ("MONTO_PAGADO" NOT NULL ENABLE);
  ALTER TABLE "TESTER2"."BOLETAS" MODIFY ("INTERES_PAGADO" NOT NULL ENABLE);
  ALTER TABLE "TESTER2"."BOLETAS" MODIFY ("FECHA_VENCIMIENTO" NOT NULL ENABLE);
  ALTER TABLE "TESTER2"."BOLETAS" ADD CONSTRAINT "BOLETAS_PK" PRIMARY KEY ("ID_BOLETA")
  USING INDEX PCTFREE 10 INITRANS 2 MAXTRANS 255 COMPUTE STATISTICS 
  STORAGE(INITIAL 65536 NEXT 1048576 MINEXTENTS 1 MAXEXTENTS 2147483645
  PCTINCREASE 0 FREELISTS 1 FREELIST GROUPS 1
  BUFFER_POOL DEFAULT FLASH_CACHE DEFAULT CELL_FLASH_CACHE DEFAULT)
  TABLESPACE "USERS"  ENABLE;
--------------------------------------------------------
--  Constraints for Table CATEGORIAS
--------------------------------------------------------

  ALTER TABLE "TESTER2"."CATEGORIAS" MODIFY ("ID_CATEGORIA" NOT NULL ENABLE);
  ALTER TABLE "TESTER2"."CATEGORIAS" MODIFY ("TIPO_CLIENTE" NOT NULL ENABLE);
  ALTER TABLE "TESTER2"."CATEGORIAS" ADD CONSTRAINT "CATEGORIAS_PK" PRIMARY KEY ("ID_CATEGORIA")
  USING INDEX PCTFREE 10 INITRANS 2 MAXTRANS 255 COMPUTE STATISTICS 
  STORAGE(INITIAL 65536 NEXT 1048576 MINEXTENTS 1 MAXEXTENTS 2147483645
  PCTINCREASE 0 FREELISTS 1 FREELIST GROUPS 1
  BUFFER_POOL DEFAULT FLASH_CACHE DEFAULT CELL_FLASH_CACHE DEFAULT)
  TABLESPACE "USERS"  ENABLE;
--------------------------------------------------------
--  Constraints for Table CREDITOS
--------------------------------------------------------

  ALTER TABLE "TESTER2"."CREDITOS" MODIFY ("ID_CREDITO" NOT NULL ENABLE);
  ALTER TABLE "TESTER2"."CREDITOS" MODIFY ("NOMBRE" NOT NULL ENABLE);
  ALTER TABLE "TESTER2"."CREDITOS" MODIFY ("DESCRIPCION" NOT NULL ENABLE);
  ALTER TABLE "TESTER2"."CREDITOS" MODIFY ("TASA_INTERES" NOT NULL ENABLE);
  ALTER TABLE "TESTER2"."CREDITOS" MODIFY ("CUOTAS_MAX" NOT NULL ENABLE);
  ALTER TABLE "TESTER2"."CREDITOS" ADD CONSTRAINT "CREDITOS_PK" PRIMARY KEY ("ID_CREDITO")
  USING INDEX PCTFREE 10 INITRANS 2 MAXTRANS 255 COMPUTE STATISTICS 
  STORAGE(INITIAL 65536 NEXT 1048576 MINEXTENTS 1 MAXEXTENTS 2147483645
  PCTINCREASE 0 FREELISTS 1 FREELIST GROUPS 1
  BUFFER_POOL DEFAULT FLASH_CACHE DEFAULT CELL_FLASH_CACHE DEFAULT)
  TABLESPACE "USERS"  ENABLE;
--------------------------------------------------------
--  Constraints for Table CREDITOS_SOLICITADOS
--------------------------------------------------------

  ALTER TABLE "TESTER2"."CREDITOS_SOLICITADOS" MODIFY ("ID_CREDITO_SOLICITADO" NOT NULL ENABLE);
  ALTER TABLE "TESTER2"."CREDITOS_SOLICITADOS" MODIFY ("FECHA_SOLICITUD" NOT NULL ENABLE);
  ALTER TABLE "TESTER2"."CREDITOS_SOLICITADOS" MODIFY ("CANT_CUOTAS" NOT NULL ENABLE);
  ALTER TABLE "TESTER2"."CREDITOS_SOLICITADOS" MODIFY ("MONTO_SOLICITADO" NOT NULL ENABLE);
  ALTER TABLE "TESTER2"."CREDITOS_SOLICITADOS" MODIFY ("ID_CREDITO" NOT NULL ENABLE);
  ALTER TABLE "TESTER2"."CREDITOS_SOLICITADOS" ADD CONSTRAINT "CREDITOS_SOLICITADOS_PK" PRIMARY KEY ("ID_CREDITO_SOLICITADO")
  USING INDEX PCTFREE 10 INITRANS 2 MAXTRANS 255 COMPUTE STATISTICS 
  STORAGE(INITIAL 65536 NEXT 1048576 MINEXTENTS 1 MAXEXTENTS 2147483645
  PCTINCREASE 0 FREELISTS 1 FREELIST GROUPS 1
  BUFFER_POOL DEFAULT FLASH_CACHE DEFAULT CELL_FLASH_CACHE DEFAULT)
  TABLESPACE "USERS"  ENABLE;
--------------------------------------------------------
--  Constraints for Table CUOTAS
--------------------------------------------------------

  ALTER TABLE "TESTER2"."CUOTAS" MODIFY ("ID_CUOTA" NOT NULL ENABLE);
  ALTER TABLE "TESTER2"."CUOTAS" MODIFY ("FECHA_VENCIMIENTO" NOT NULL ENABLE);
  ALTER TABLE "TESTER2"."CUOTAS" MODIFY ("MONTO_CUOTA" NOT NULL ENABLE);
  ALTER TABLE "TESTER2"."CUOTAS" MODIFY ("INTERES" NOT NULL ENABLE);
  ALTER TABLE "TESTER2"."CUOTAS" MODIFY ("MONTO_A_PAGAR" NOT NULL ENABLE);
  ALTER TABLE "TESTER2"."CUOTAS" MODIFY ("ID_CREDITO_SOLICITADO" NOT NULL ENABLE);
  ALTER TABLE "TESTER2"."CUOTAS" MODIFY ("ESTADO_CUOTA" NOT NULL ENABLE);
  ALTER TABLE "TESTER2"."CUOTAS" ADD CONSTRAINT "CUOTAS_PK" PRIMARY KEY ("ID_CUOTA")
  USING INDEX PCTFREE 10 INITRANS 2 MAXTRANS 255 COMPUTE STATISTICS 
  STORAGE(INITIAL 65536 NEXT 1048576 MINEXTENTS 1 MAXEXTENTS 2147483645
  PCTINCREASE 0 FREELISTS 1 FREELIST GROUPS 1
  BUFFER_POOL DEFAULT FLASH_CACHE DEFAULT CELL_FLASH_CACHE DEFAULT)
  TABLESPACE "USERS"  ENABLE;
--------------------------------------------------------
--  Constraints for Table CUPONES_DE_PAGOS
--------------------------------------------------------

  ALTER TABLE "TESTER2"."CUPONES_DE_PAGOS" MODIFY ("ID_CUPON" NOT NULL ENABLE);
  ALTER TABLE "TESTER2"."CUPONES_DE_PAGOS" MODIFY ("MONTO_PAGADO" NOT NULL ENABLE);
  ALTER TABLE "TESTER2"."CUPONES_DE_PAGOS" MODIFY ("FECHA_PAGO" NOT NULL ENABLE);
  ALTER TABLE "TESTER2"."CUPONES_DE_PAGOS" MODIFY ("NOMBRE" NOT NULL ENABLE);
  ALTER TABLE "TESTER2"."CUPONES_DE_PAGOS" ADD CONSTRAINT "CUPONES_DE_PAGOS_PK" PRIMARY KEY ("ID_CUPON")
  USING INDEX PCTFREE 10 INITRANS 2 MAXTRANS 255 COMPUTE STATISTICS 
  STORAGE(INITIAL 65536 NEXT 1048576 MINEXTENTS 1 MAXEXTENTS 2147483645
  PCTINCREASE 0 FREELISTS 1 FREELIST GROUPS 1
  BUFFER_POOL DEFAULT FLASH_CACHE DEFAULT CELL_FLASH_CACHE DEFAULT)
  TABLESPACE "USERS"  ENABLE;
--------------------------------------------------------
--  Constraints for Table ESTADO_DE_CUENTAS
--------------------------------------------------------

  ALTER TABLE "TESTER2"."ESTADO_DE_CUENTAS" MODIFY ("ID_ESTADO_CUENTA" NOT NULL ENABLE);
  ALTER TABLE "TESTER2"."ESTADO_DE_CUENTAS" MODIFY ("CODIGO_BARRA" NOT NULL ENABLE);
  ALTER TABLE "TESTER2"."ESTADO_DE_CUENTAS" MODIFY ("FECHA_ESTADO_CUENTA" NOT NULL ENABLE);
  ALTER TABLE "TESTER2"."ESTADO_DE_CUENTAS" MODIFY ("ID_SOCIO" NOT NULL ENABLE);
  ALTER TABLE "TESTER2"."ESTADO_DE_CUENTAS" ADD CONSTRAINT "ESTADO_DE_CUENTAS_PK" PRIMARY KEY ("ID_ESTADO_CUENTA")
  USING INDEX PCTFREE 10 INITRANS 2 MAXTRANS 255 COMPUTE STATISTICS 
  TABLESPACE "USERS"  ENABLE;
--------------------------------------------------------
--  Constraints for Table LISTA_APORTES
--------------------------------------------------------

  ALTER TABLE "TESTER2"."LISTA_APORTES" MODIFY ("ID_APORT_LIST" NOT NULL ENABLE);
  ALTER TABLE "TESTER2"."LISTA_APORTES" MODIFY ("MONTO_APORTE" NOT NULL ENABLE);
  ALTER TABLE "TESTER2"."LISTA_APORTES" ADD CONSTRAINT "LISTA_APORTES_PK" PRIMARY KEY ("ID_APORT_LIST")
  USING INDEX PCTFREE 10 INITRANS 2 MAXTRANS 255 COMPUTE STATISTICS 
  STORAGE(INITIAL 65536 NEXT 1048576 MINEXTENTS 1 MAXEXTENTS 2147483645
  PCTINCREASE 0 FREELISTS 1 FREELIST GROUPS 1
  BUFFER_POOL DEFAULT FLASH_CACHE DEFAULT CELL_FLASH_CACHE DEFAULT)
  TABLESPACE "USERS"  ENABLE;
--------------------------------------------------------
--  Constraints for Table MULTAS
--------------------------------------------------------

  ALTER TABLE "TESTER2"."MULTAS" MODIFY ("ID_MULTA" NOT NULL ENABLE);
  ALTER TABLE "TESTER2"."MULTAS" MODIFY ("MONTO_MULTA" NOT NULL ENABLE);
  ALTER TABLE "TESTER2"."MULTAS" ADD CONSTRAINT "MULTAS_PK" PRIMARY KEY ("ID_MULTA")
  USING INDEX PCTFREE 10 INITRANS 2 MAXTRANS 255 COMPUTE STATISTICS 
  STORAGE(INITIAL 65536 NEXT 1048576 MINEXTENTS 1 MAXEXTENTS 2147483645
  PCTINCREASE 0 FREELISTS 1 FREELIST GROUPS 1
  BUFFER_POOL DEFAULT FLASH_CACHE DEFAULT CELL_FLASH_CACHE DEFAULT)
  TABLESPACE "USERS"  ENABLE;
--------------------------------------------------------
--  Constraints for Table PROFESIONES
--------------------------------------------------------

  ALTER TABLE "TESTER2"."PROFESIONES" MODIFY ("ID_PROFESION" NOT NULL ENABLE);
  ALTER TABLE "TESTER2"."PROFESIONES" MODIFY ("NOMBRE_PROFESION" NOT NULL ENABLE);
  ALTER TABLE "TESTER2"."PROFESIONES" ADD CONSTRAINT "PROFESIONES_PK" PRIMARY KEY ("ID_PROFESION")
  USING INDEX PCTFREE 10 INITRANS 2 MAXTRANS 255 COMPUTE STATISTICS 
  STORAGE(INITIAL 65536 NEXT 1048576 MINEXTENTS 1 MAXEXTENTS 2147483645
  PCTINCREASE 0 FREELISTS 1 FREELIST GROUPS 1
  BUFFER_POOL DEFAULT FLASH_CACHE DEFAULT CELL_FLASH_CACHE DEFAULT)
  TABLESPACE "USERS"  ENABLE;
--------------------------------------------------------
--  Constraints for Table RESIDENCIAS
--------------------------------------------------------

  ALTER TABLE "TESTER2"."RESIDENCIAS" MODIFY ("ID_RESIDENCIA" NOT NULL ENABLE);
  ALTER TABLE "TESTER2"."RESIDENCIAS" MODIFY ("CIUDAD" NOT NULL ENABLE);
  ALTER TABLE "TESTER2"."RESIDENCIAS" MODIFY ("REGION" NOT NULL ENABLE);
  ALTER TABLE "TESTER2"."RESIDENCIAS" ADD CONSTRAINT "RESIDENCIAS_PK" PRIMARY KEY ("ID_RESIDENCIA")
  USING INDEX PCTFREE 10 INITRANS 2 MAXTRANS 255 COMPUTE STATISTICS 
  STORAGE(INITIAL 65536 NEXT 1048576 MINEXTENTS 1 MAXEXTENTS 2147483645
  PCTINCREASE 0 FREELISTS 1 FREELIST GROUPS 1
  BUFFER_POOL DEFAULT FLASH_CACHE DEFAULT CELL_FLASH_CACHE DEFAULT)
  TABLESPACE "USERS"  ENABLE;
--------------------------------------------------------
--  Constraints for Table SOCIOS
--------------------------------------------------------

  ALTER TABLE "TESTER2"."SOCIOS" MODIFY ("ID_SOCIO" NOT NULL ENABLE);
  ALTER TABLE "TESTER2"."SOCIOS" MODIFY ("NOMBRE" NOT NULL ENABLE);
  ALTER TABLE "TESTER2"."SOCIOS" MODIFY ("AP_PATERNO" NOT NULL ENABLE);
  ALTER TABLE "TESTER2"."SOCIOS" MODIFY ("AP_MATERNO" NOT NULL ENABLE);
  ALTER TABLE "TESTER2"."SOCIOS" MODIFY ("e-mail" NOT NULL ENABLE);
  ALTER TABLE "TESTER2"."SOCIOS" MODIFY ("DIRECCION" NOT NULL ENABLE);
  ALTER TABLE "TESTER2"."SOCIOS" MODIFY ("FECHA_INSCRIPCION" NOT NULL ENABLE);
  ALTER TABLE "TESTER2"."SOCIOS" MODIFY ("APORTE_INSCRIPCION" NOT NULL ENABLE);
  ALTER TABLE "TESTER2"."SOCIOS" MODIFY ("CATEGORIA_ID_CATEGORIA" NOT NULL ENABLE);
  ALTER TABLE "TESTER2"."SOCIOS" MODIFY ("ID_RESIDENCIA" NOT NULL ENABLE);
  ALTER TABLE "TESTER2"."SOCIOS" MODIFY ("ID_TIPO" NOT NULL ENABLE);
  ALTER TABLE "TESTER2"."SOCIOS" MODIFY ("ID_PROFESION" NOT NULL ENABLE);
  ALTER TABLE "TESTER2"."SOCIOS" ADD CONSTRAINT "SOCIOS_PK" PRIMARY KEY ("ID_SOCIO")
  USING INDEX PCTFREE 10 INITRANS 2 MAXTRANS 255 COMPUTE STATISTICS 
  STORAGE(INITIAL 65536 NEXT 1048576 MINEXTENTS 1 MAXEXTENTS 2147483645
  PCTINCREASE 0 FREELISTS 1 FREELIST GROUPS 1
  BUFFER_POOL DEFAULT FLASH_CACHE DEFAULT CELL_FLASH_CACHE DEFAULT)
  TABLESPACE "USERS"  ENABLE;
--------------------------------------------------------
--  Constraints for Table TIPO_DE_SOCIOS
--------------------------------------------------------

  ALTER TABLE "TESTER2"."TIPO_DE_SOCIOS" MODIFY ("ID_TIPO" NOT NULL ENABLE);
  ALTER TABLE "TESTER2"."TIPO_DE_SOCIOS" MODIFY ("NOMBRE_TIPO" NOT NULL ENABLE);
  ALTER TABLE "TESTER2"."TIPO_DE_SOCIOS" ADD CONSTRAINT "TIPO_DE_SOCIOS_PK" PRIMARY KEY ("ID_TIPO")
  USING INDEX PCTFREE 10 INITRANS 2 MAXTRANS 255 COMPUTE STATISTICS 
  STORAGE(INITIAL 65536 NEXT 1048576 MINEXTENTS 1 MAXEXTENTS 2147483645
  PCTINCREASE 0 FREELISTS 1 FREELIST GROUPS 1
  BUFFER_POOL DEFAULT FLASH_CACHE DEFAULT CELL_FLASH_CACHE DEFAULT)
  TABLESPACE "USERS"  ENABLE;
--------------------------------------------------------
--  Constraints for Table UF
--------------------------------------------------------

  ALTER TABLE "TESTER2"."UF" MODIFY ("MES" NOT NULL ENABLE);
  ALTER TABLE "TESTER2"."UF" MODIFY ("DIA" NOT NULL ENABLE);
  ALTER TABLE "TESTER2"."UF" MODIFY ("MONTO_UF" NOT NULL ENABLE);
--------------------------------------------------------
--  Ref Constraints for Table APORTES_SOLICITADOS
--------------------------------------------------------

  ALTER TABLE "TESTER2"."APORTES_SOLICITADOS" ADD CONSTRAINT "APORTES_SOLICITADOS_APORTES_FK" FOREIGN KEY ("ID_APORTE")
	  REFERENCES "TESTER2"."APORTES" ("ID_APORTE") ENABLE;
  ALTER TABLE "TESTER2"."APORTES_SOLICITADOS" ADD CONSTRAINT "APORTES_SOLICITADOS_SOCIOS_FK" FOREIGN KEY ("ID_SOCIO")
	  REFERENCES "TESTER2"."SOCIOS" ("ID_SOCIO") ENABLE;
--------------------------------------------------------
--  Ref Constraints for Table CREDITOS_SOLICITADOS
--------------------------------------------------------

  ALTER TABLE "TESTER2"."CREDITOS_SOLICITADOS" ADD CONSTRAINT "CREDI_SOLI_CREDI_FK" FOREIGN KEY ("ID_CREDITO")
	  REFERENCES "TESTER2"."CREDITOS" ("ID_CREDITO") ENABLE;
  ALTER TABLE "TESTER2"."CREDITOS_SOLICITADOS" ADD CONSTRAINT "CREDI_SOLI_SOCI_FK" FOREIGN KEY ("ID_SOCIO")
	  REFERENCES "TESTER2"."SOCIOS" ("ID_SOCIO") ENABLE;
--------------------------------------------------------
--  Ref Constraints for Table CUOTAS
--------------------------------------------------------

  ALTER TABLE "TESTER2"."CUOTAS" ADD CONSTRAINT "CUOTAS_BOLETAS_FK" FOREIGN KEY ("ID_BOLETA")
	  REFERENCES "TESTER2"."BOLETAS" ("ID_BOLETA") ENABLE;
  ALTER TABLE "TESTER2"."CUOTAS" ADD CONSTRAINT "CUOTAS_CREDITOS_SOLICITADOS_FK" FOREIGN KEY ("ID_CREDITO_SOLICITADO")
	  REFERENCES "TESTER2"."CREDITOS_SOLICITADOS" ("ID_CREDITO_SOLICITADO") ENABLE;
  ALTER TABLE "TESTER2"."CUOTAS" ADD CONSTRAINT "CUOTAS_MULTAS_FK" FOREIGN KEY ("ID_MULTA")
	  REFERENCES "TESTER2"."MULTAS" ("ID_MULTA") ENABLE;
--------------------------------------------------------
--  Ref Constraints for Table ESTADO_DE_CUENTAS
--------------------------------------------------------

  ALTER TABLE "TESTER2"."ESTADO_DE_CUENTAS" ADD CONSTRAINT "ESTADO_DE_CUENTAS_SOCIOS_FK" FOREIGN KEY ("ID_SOCIO")
	  REFERENCES "TESTER2"."SOCIOS" ("ID_SOCIO") ENABLE;
--------------------------------------------------------
--  Ref Constraints for Table LISTA_APORTES
--------------------------------------------------------

  ALTER TABLE "TESTER2"."LISTA_APORTES" ADD CONSTRAINT "LIST_AP_SOLI_FK" FOREIGN KEY ("ID_APORT_SOLI")
	  REFERENCES "TESTER2"."APORTES_SOLICITADOS" ("ID_APORT_SOLI") ENABLE;
  ALTER TABLE "TESTER2"."LISTA_APORTES" ADD CONSTRAINT "LIST_CUPON_PAGOS_FK" FOREIGN KEY ("ID_CUPON")
	  REFERENCES "TESTER2"."CUPONES_DE_PAGOS" ("ID_CUPON") ENABLE;
--------------------------------------------------------
--  Ref Constraints for Table SOCIOS
--------------------------------------------------------

  ALTER TABLE "TESTER2"."SOCIOS" ADD CONSTRAINT "SOCIOS_CATEGORIAS_FK" FOREIGN KEY ("CATEGORIA_ID_CATEGORIA")
	  REFERENCES "TESTER2"."CATEGORIAS" ("ID_CATEGORIA") ENABLE;
  ALTER TABLE "TESTER2"."SOCIOS" ADD CONSTRAINT "SOCIOS_PROFESIONES_FK" FOREIGN KEY ("ID_PROFESION")
	  REFERENCES "TESTER2"."PROFESIONES" ("ID_PROFESION") ENABLE;
  ALTER TABLE "TESTER2"."SOCIOS" ADD CONSTRAINT "SOCIOS_RESIDENCIAS_FK" FOREIGN KEY ("ID_RESIDENCIA")
	  REFERENCES "TESTER2"."RESIDENCIAS" ("ID_RESIDENCIA") ENABLE;
  ALTER TABLE "TESTER2"."SOCIOS" ADD CONSTRAINT "SOCIOS_TIPO_DE_SOCIOS_FK" FOREIGN KEY ("ID_TIPO")
	  REFERENCES "TESTER2"."TIPO_DE_SOCIOS" ("ID_TIPO") ENABLE;
